File,Bird Name
104834.mp3,AmericanCrow
104835.mp3,AmericanCrow
109698.mp3,AmericanCrow
109765.mp3,AmericanCrow
109766.mp3,AmericanCrow
109767.mp3,AmericanCrow
109768.mp3,AmericanCrow
109769.mp3,AmericanCrow
112598.mp3,AmericanCrow
112829.mp3,AmericanCrow
114550.mp3,AmericanCrow
114551.mp3,AmericanCrow
114552.mp3,AmericanCrow
114554.mp3,AmericanCrow
114555.mp3,AmericanCrow
114556.mp3,AmericanCrow
114557.mp3,AmericanCrow
114558.mp3,AmericanCrow
114559.mp3,AmericanCrow
114560.mp3,AmericanCrow
114561.mp3,AmericanCrow
115938.mp3,AmericanCrow
115939.mp3,AmericanCrow
115940.mp3,AmericanCrow
121396.mp3,AmericanCrow
126022.mp3,AmericanCrow
12786.mp3,AmericanCrow
131445.mp3,AmericanCrow
131447.mp3,AmericanCrow
137865.mp3,AmericanCrow
141750.mp3,AmericanCrow
141751.mp3,AmericanCrow
155440.mp3,AmericanCrow
155441.mp3,AmericanCrow
160878.mp3,AmericanCrow
160880.mp3,AmericanCrow
167792.mp3,AmericanCrow
172427.mp3,AmericanCrow
172875.mp3,AmericanCrow
172878.mp3,AmericanCrow
172881.mp3,AmericanCrow
172882.mp3,AmericanCrow
180081.mp3,AmericanCrow
181497.mp3,AmericanCrow
18389.mp3,AmericanCrow
187481.mp3,AmericanCrow
188842.mp3,AmericanCrow
191185.mp3,AmericanCrow
191952.mp3,AmericanCrow
191954.mp3,AmericanCrow
197259.mp3,AmericanCrow
197260.mp3,AmericanCrow
197261.mp3,AmericanCrow
206082.mp3,AmericanCrow
233496.mp3,AmericanCrow
268481.mp3,AmericanCrow
277021.mp3,AmericanCrow
277023.mp3,AmericanCrow
279721.mp3,AmericanCrow
279723.mp3,AmericanCrow
289011.mp3,AmericanCrow
293812.mp3,AmericanCrow
29506.mp3,AmericanCrow
296308.mp3,AmericanCrow
309641.mp3,AmericanCrow
312752.mp3,AmericanCrow
314874.mp3,AmericanCrow
315688.mp3,AmericanCrow
316302.mp3,AmericanCrow
317205.mp3,AmericanCrow
318014.mp3,AmericanCrow
320383.mp3,AmericanCrow
325096.mp3,AmericanCrow
328542.mp3,AmericanCrow
332328.mp3,AmericanCrow
333146.mp3,AmericanCrow
345874.mp3,AmericanCrow
351540.mp3,AmericanCrow
354831.mp3,AmericanCrow
354832.mp3,AmericanCrow
361336.mp3,AmericanCrow
363862.mp3,AmericanCrow
364635.mp3,AmericanCrow
371062.mp3,AmericanCrow
376180.mp3,AmericanCrow
376182.mp3,AmericanCrow
381507.mp3,AmericanCrow
388682.mp3,AmericanCrow
388685.mp3,AmericanCrow
393299.mp3,AmericanCrow
404505.mp3,AmericanCrow
406303.mp3,AmericanCrow
406305.mp3,AmericanCrow
406306.mp3,AmericanCrow
406307.mp3,AmericanCrow
409010.mp3,AmericanCrow
413030.mp3,AmericanCrow
413789.mp3,AmericanCrow
414021.mp3,AmericanCrow
414931.mp3,AmericanCrow
420584.mp3,AmericanCrow
424738.mp3,AmericanCrow
43850.mp3,AmericanCrow
448753.mp3,AmericanCrow
451209.mp3,AmericanCrow
454252.mp3,AmericanCrow
456644.mp3,AmericanCrow
459466.mp3,AmericanCrow
460987.mp3,AmericanCrow
478839.mp3,AmericanCrow
480052.mp3,AmericanCrow
481136.mp3,AmericanCrow
481933.mp3,AmericanCrow
496354.mp3,AmericanCrow
496355.mp3,AmericanCrow
496356.mp3,AmericanCrow
496358.mp3,AmericanCrow
506622.mp3,AmericanCrow
513351.mp3,AmericanCrow
51410.mp3,AmericanCrow
516376.mp3,AmericanCrow
51769.mp3,AmericanCrow
531008.mp3,AmericanCrow
534339.mp3,AmericanCrow
550085.mp3,AmericanCrow
556240.mp3,AmericanCrow
561291.mp3,AmericanCrow
568327.mp3,AmericanCrow
568365.mp3,AmericanCrow
569624.mp3,AmericanCrow
569711.mp3,AmericanCrow
572379.mp3,AmericanCrow
574517.mp3,AmericanCrow
575220.mp3,AmericanCrow
599687.mp3,AmericanCrow
624432.mp3,AmericanCrow
630414.mp3,AmericanCrow
630418.mp3,AmericanCrow
630422.mp3,AmericanCrow
638328.mp3,AmericanCrow
645148.mp3,AmericanCrow
649367.mp3,AmericanCrow
656092.mp3,AmericanCrow
658087.mp3,AmericanCrow
667361.mp3,AmericanCrow
682568.mp3,AmericanCrow
691189.mp3,AmericanCrow
691531.mp3,AmericanCrow
698321.mp3,AmericanCrow
708836.mp3,AmericanCrow
713256.mp3,AmericanCrow
722766.mp3,AmericanCrow
726412.mp3,AmericanCrow
72977.mp3,AmericanCrow
72978.mp3,AmericanCrow
756861.mp3,AmericanCrow
762166.mp3,AmericanCrow
762167.mp3,AmericanCrow
76433.mp3,AmericanCrow
76434.mp3,AmericanCrow
76435.mp3,AmericanCrow
792018.mp3,AmericanCrow
807484.mp3,AmericanCrow
817992.mp3,AmericanCrow
826912.mp3,AmericanCrow
828487.mp3,AmericanCrow
899930.mp3,AmericanCrow
90534.mp3,AmericanCrow
905503.mp3,AmericanCrow
92055.mp3,AmericanCrow
92057.mp3,AmericanCrow
92058.mp3,AmericanCrow
98890.mp3,AmericanCrow
103303.mp3,AmericanGoldfinch
103304.mp3,AmericanGoldfinch
109299.mp3,AmericanGoldfinch
109300.mp3,AmericanGoldfinch
109301.mp3,AmericanGoldfinch
124312.mp3,AmericanGoldfinch
127600.mp3,AmericanGoldfinch
169080.mp3,AmericanGoldfinch
169082.mp3,AmericanGoldfinch
169085.mp3,AmericanGoldfinch
175254.mp3,AmericanGoldfinch
179124.mp3,AmericanGoldfinch
255471.mp3,AmericanGoldfinch
288983.mp3,AmericanGoldfinch
31023.mp3,AmericanGoldfinch
313678.mp3,AmericanGoldfinch
315299.mp3,AmericanGoldfinch
325098.mp3,AmericanGoldfinch
34052.mp3,AmericanGoldfinch
34765.mp3,AmericanGoldfinch
363149.mp3,AmericanGoldfinch
363151.mp3,AmericanGoldfinch
382506.mp3,AmericanGoldfinch
383960.mp3,AmericanGoldfinch
385206.mp3,AmericanGoldfinch
389252.mp3,AmericanGoldfinch
409002.mp3,AmericanGoldfinch
420842.mp3,AmericanGoldfinch
428425.mp3,AmericanGoldfinch
429266.mp3,AmericanGoldfinch
437593.mp3,AmericanGoldfinch
453934.mp3,AmericanGoldfinch
462056.mp3,AmericanGoldfinch
49047.mp3,AmericanGoldfinch
504150.mp3,AmericanGoldfinch
542744.mp3,AmericanGoldfinch
549768.mp3,AmericanGoldfinch
552440.mp3,AmericanGoldfinch
552887.mp3,AmericanGoldfinch
556721.mp3,AmericanGoldfinch
557331.mp3,AmericanGoldfinch
562164.mp3,AmericanGoldfinch
571646.mp3,AmericanGoldfinch
580587.mp3,AmericanGoldfinch
582147.mp3,AmericanGoldfinch
582373.mp3,AmericanGoldfinch
582571.mp3,AmericanGoldfinch
590055.mp3,AmericanGoldfinch
59096.mp3,AmericanGoldfinch
598805.mp3,AmericanGoldfinch
599315.mp3,AmericanGoldfinch
600281.mp3,AmericanGoldfinch
603828.mp3,AmericanGoldfinch
603829.mp3,AmericanGoldfinch
610948.mp3,AmericanGoldfinch
612292.mp3,AmericanGoldfinch
635390.mp3,AmericanGoldfinch
638294.mp3,AmericanGoldfinch
665828.mp3,AmericanGoldfinch
690945.mp3,AmericanGoldfinch
720038.mp3,AmericanGoldfinch
723797.mp3,AmericanGoldfinch
734890.mp3,AmericanGoldfinch
756999.mp3,AmericanGoldfinch
772374.mp3,AmericanGoldfinch
79526.mp3,AmericanGoldfinch
810108.mp3,AmericanGoldfinch
816256.mp3,AmericanGoldfinch
830026.mp3,AmericanGoldfinch
844418.mp3,AmericanGoldfinch
103059.mp3,AmericanRobin
103060.mp3,AmericanRobin
128490.mp3,AmericanRobin
129798.mp3,AmericanRobin
131093.mp3,AmericanRobin
132864.mp3,AmericanRobin
13602.mp3,AmericanRobin
138063.mp3,AmericanRobin
139086.mp3,AmericanRobin
14079.mp3,AmericanRobin
14080.mp3,AmericanRobin
14442.mp3,AmericanRobin
146297.mp3,AmericanRobin
164729.mp3,AmericanRobin
165267.mp3,AmericanRobin
165272.mp3,AmericanRobin
165280.mp3,AmericanRobin
165284.mp3,AmericanRobin
165285.mp3,AmericanRobin
165291.mp3,AmericanRobin
165292.mp3,AmericanRobin
165294.mp3,AmericanRobin
165295.mp3,AmericanRobin
165298.mp3,AmericanRobin
165299.mp3,AmericanRobin
165300.mp3,AmericanRobin
165302.mp3,AmericanRobin
165303.mp3,AmericanRobin
165304.mp3,AmericanRobin
171727.mp3,AmericanRobin
172405.mp3,AmericanRobin
172423.mp3,AmericanRobin
175222.mp3,AmericanRobin
177384.mp3,AmericanRobin
178008.mp3,AmericanRobin
190441.mp3,AmericanRobin
190473.mp3,AmericanRobin
205803.mp3,AmericanRobin
254483.mp3,AmericanRobin
254484.mp3,AmericanRobin
264344.mp3,AmericanRobin
269082.mp3,AmericanRobin
282428.mp3,AmericanRobin
294460.mp3,AmericanRobin
307484.mp3,AmericanRobin
309318.mp3,AmericanRobin
309636.mp3,AmericanRobin
309928.mp3,AmericanRobin
310256.mp3,AmericanRobin
313351.mp3,AmericanRobin
313352.mp3,AmericanRobin
313434.mp3,AmericanRobin
319833.mp3,AmericanRobin
320027.mp3,AmericanRobin
320472.mp3,AmericanRobin
320503.mp3,AmericanRobin
320724.mp3,AmericanRobin
320906.mp3,AmericanRobin
322295.mp3,AmericanRobin
322565.mp3,AmericanRobin
322572.mp3,AmericanRobin
322734.mp3,AmericanRobin
322790.mp3,AmericanRobin
322821.mp3,AmericanRobin
322822.mp3,AmericanRobin
322884.mp3,AmericanRobin
322887.mp3,AmericanRobin
322973.mp3,AmericanRobin
323031.mp3,AmericanRobin
323246.mp3,AmericanRobin
323307.mp3,AmericanRobin
325132.mp3,AmericanRobin
328275.mp3,AmericanRobin
338199.mp3,AmericanRobin
34766.mp3,AmericanRobin
351861.mp3,AmericanRobin
351863.mp3,AmericanRobin
35891.mp3,AmericanRobin
35898.mp3,AmericanRobin
361931.mp3,AmericanRobin
364638.mp3,AmericanRobin
366599.mp3,AmericanRobin
367008.mp3,AmericanRobin
368614.mp3,AmericanRobin
368615.mp3,AmericanRobin
375006.mp3,AmericanRobin
375274.mp3,AmericanRobin
378442.mp3,AmericanRobin
382342.mp3,AmericanRobin
383961.mp3,AmericanRobin
384027.mp3,AmericanRobin
385843.mp3,AmericanRobin
389079.mp3,AmericanRobin
394835.mp3,AmericanRobin
396272.mp3,AmericanRobin
406162.mp3,AmericanRobin
406326.mp3,AmericanRobin
407819.mp3,AmericanRobin
408325.mp3,AmericanRobin
408817.mp3,AmericanRobin
409609.mp3,AmericanRobin
416294.mp3,AmericanRobin
417028.mp3,AmericanRobin
420475.mp3,AmericanRobin
420837.mp3,AmericanRobin
422421.mp3,AmericanRobin
423449.mp3,AmericanRobin
446457.mp3,AmericanRobin
446458.mp3,AmericanRobin
446460.mp3,AmericanRobin
446462.mp3,AmericanRobin
451211.mp3,AmericanRobin
452609.mp3,AmericanRobin
461774.mp3,AmericanRobin
464670.mp3,AmericanRobin
464766.mp3,AmericanRobin
466048.mp3,AmericanRobin
467907.mp3,AmericanRobin
468243.mp3,AmericanRobin
468991.mp3,AmericanRobin
469605.mp3,AmericanRobin
472299.mp3,AmericanRobin
479482.mp3,AmericanRobin
480678.mp3,AmericanRobin
480926.mp3,AmericanRobin
483578.mp3,AmericanRobin
483628.mp3,AmericanRobin
483875.mp3,AmericanRobin
495411.mp3,AmericanRobin
496849.mp3,AmericanRobin
500148.mp3,AmericanRobin
502031.mp3,AmericanRobin
504196.mp3,AmericanRobin
522325.mp3,AmericanRobin
530120.mp3,AmericanRobin
537326.mp3,AmericanRobin
539769.mp3,AmericanRobin
542730.mp3,AmericanRobin
543354.mp3,AmericanRobin
545688.mp3,AmericanRobin
550087.mp3,AmericanRobin
550889.mp3,AmericanRobin
550893.mp3,AmericanRobin
559314.mp3,AmericanRobin
562221.mp3,AmericanRobin
562449.mp3,AmericanRobin
563197.mp3,AmericanRobin
563200.mp3,AmericanRobin
563413.mp3,AmericanRobin
563612.mp3,AmericanRobin
564319.mp3,AmericanRobin
564320.mp3,AmericanRobin
564324.mp3,AmericanRobin
564544.mp3,AmericanRobin
564545.mp3,AmericanRobin
564547.mp3,AmericanRobin
566186.mp3,AmericanRobin
567242.mp3,AmericanRobin
567329.mp3,AmericanRobin
568399.mp3,AmericanRobin
569292.mp3,AmericanRobin
571269.mp3,AmericanRobin
572221.mp3,AmericanRobin
572222.mp3,AmericanRobin
572223.mp3,AmericanRobin
572715.mp3,AmericanRobin
573924.mp3,AmericanRobin
574171.mp3,AmericanRobin
574466.mp3,AmericanRobin
574469.mp3,AmericanRobin
574471.mp3,AmericanRobin
574473.mp3,AmericanRobin
574476.mp3,AmericanRobin
574482.mp3,AmericanRobin
574483.mp3,AmericanRobin
574484.mp3,AmericanRobin
574486.mp3,AmericanRobin
574487.mp3,AmericanRobin
574489.mp3,AmericanRobin
574494.mp3,AmericanRobin
599316.mp3,AmericanRobin
610883.mp3,AmericanRobin
610952.mp3,AmericanRobin
624425.mp3,AmericanRobin
635395.mp3,AmericanRobin
638326.mp3,AmericanRobin
639265.mp3,AmericanRobin
640975.mp3,AmericanRobin
641578.mp3,AmericanRobin
641669.mp3,AmericanRobin
645161.mp3,AmericanRobin
651831.mp3,AmericanRobin
663093.mp3,AmericanRobin
663094.mp3,AmericanRobin
663098.mp3,AmericanRobin
666135.mp3,AmericanRobin
686190.mp3,AmericanRobin
70119.mp3,AmericanRobin
710116.mp3,AmericanRobin
711105.mp3,AmericanRobin
728269.mp3,AmericanRobin
72964.mp3,AmericanRobin
729933.mp3,AmericanRobin
729934.mp3,AmericanRobin
734125.mp3,AmericanRobin
734182.mp3,AmericanRobin
736763.mp3,AmericanRobin
744275.mp3,AmericanRobin
75498.mp3,AmericanRobin
75743.mp3,AmericanRobin
771920.mp3,AmericanRobin
771921.mp3,AmericanRobin
772840.mp3,AmericanRobin
774161.mp3,AmericanRobin
774170.mp3,AmericanRobin
78015.mp3,AmericanRobin
78683.mp3,AmericanRobin
81923.mp3,AmericanRobin
825254.mp3,AmericanRobin
825256.mp3,AmericanRobin
860362.mp3,AmericanRobin
892933.mp3,AmericanRobin
893194.mp3,AmericanRobin
899307.mp3,AmericanRobin
96869.mp3,AmericanRobin
97957.mp3,AmericanRobin
172893.mp3,BarredOwl
191379.mp3,BarredOwl
197263.mp3,BarredOwl
215846.mp3,BarredOwl
269159.mp3,BarredOwl
363749.mp3,BarredOwl
368855.mp3,BarredOwl
368856.mp3,BarredOwl
380761.mp3,BarredOwl
383332.mp3,BarredOwl
389995.mp3,BarredOwl
390825.mp3,BarredOwl
413729.mp3,BarredOwl
430783.mp3,BarredOwl
433223.mp3,BarredOwl
436986.mp3,BarredOwl
477198.mp3,BarredOwl
48075.mp3,BarredOwl
483028.mp3,BarredOwl
486052.mp3,BarredOwl
48644.mp3,BarredOwl
48645.mp3,BarredOwl
498643.mp3,BarredOwl
498644.mp3,BarredOwl
498645.mp3,BarredOwl
500514.mp3,BarredOwl
511585.mp3,BarredOwl
545772.mp3,BarredOwl
569814.mp3,BarredOwl
569818.mp3,BarredOwl
580531.mp3,BarredOwl
580532.mp3,BarredOwl
582630.mp3,BarredOwl
59115.mp3,BarredOwl
593665.mp3,BarredOwl
602835.mp3,BarredOwl
642032.mp3,BarredOwl
6504.mp3,BarredOwl
650793.mp3,BarredOwl
656431.mp3,BarredOwl
684119.mp3,BarredOwl
684479.mp3,BarredOwl
684619.mp3,BarredOwl
689984.mp3,BarredOwl
690095.mp3,BarredOwl
690096.mp3,BarredOwl
690586.mp3,BarredOwl
690592.mp3,BarredOwl
690614.mp3,BarredOwl
690957.mp3,BarredOwl
691476.mp3,BarredOwl
691770.mp3,BarredOwl
691930.mp3,BarredOwl
692307.mp3,BarredOwl
696556.mp3,BarredOwl
696582.mp3,BarredOwl
698519.mp3,BarredOwl
698851.mp3,BarredOwl
69922.mp3,BarredOwl
69923.mp3,BarredOwl
713081.mp3,BarredOwl
749428.mp3,BarredOwl
749432.mp3,BarredOwl
77536.mp3,BarredOwl
77537.mp3,BarredOwl
801125.mp3,BarredOwl
801126.mp3,BarredOwl
801161.mp3,BarredOwl
815271.mp3,BarredOwl
82754.mp3,BarredOwl
838397.mp3,BarredOwl
840600.mp3,BarredOwl
842757.mp3,BarredOwl
855253.mp3,BarredOwl
861603.mp3,BarredOwl
861604.mp3,BarredOwl
864701.mp3,BarredOwl
878848.mp3,BarredOwl
109162.mp3,BlueJay
109601.mp3,BlueJay
114085.mp3,BlueJay
116372.mp3,BlueJay
116373.mp3,BlueJay
116374.mp3,BlueJay
122442.mp3,BlueJay
134994.mp3,BlueJay
138073.mp3,BlueJay
140465.mp3,BlueJay
142244.mp3,BlueJay
149305.mp3,BlueJay
149337.mp3,BlueJay
15192.mp3,BlueJay
15263.mp3,BlueJay
155439.mp3,BlueJay
164549.mp3,BlueJay
165317.mp3,BlueJay
165319.mp3,BlueJay
165320.mp3,BlueJay
165321.mp3,BlueJay
165322.mp3,BlueJay
165323.mp3,BlueJay
165324.mp3,BlueJay
167820.mp3,BlueJay
168080.mp3,BlueJay
168081.mp3,BlueJay
168082.mp3,BlueJay
168092.mp3,BlueJay
168094.mp3,BlueJay
16897.mp3,BlueJay
169144.mp3,BlueJay
170063.mp3,BlueJay
174959.mp3,BlueJay
175223.mp3,BlueJay
176358.mp3,BlueJay
179708.mp3,BlueJay
190440.mp3,BlueJay
190538.mp3,BlueJay
205522.mp3,BlueJay
20766.mp3,BlueJay
233380.mp3,BlueJay
233403.mp3,BlueJay
234317.mp3,BlueJay
234669.mp3,BlueJay
277334.mp3,BlueJay
277339.mp3,BlueJay
278825.mp3,BlueJay
282293.mp3,BlueJay
282294.mp3,BlueJay
282295.mp3,BlueJay
282296.mp3,BlueJay
286399.mp3,BlueJay
288988.mp3,BlueJay
296398.mp3,BlueJay
307817.mp3,BlueJay
310198.mp3,BlueJay
310243.mp3,BlueJay
310840.mp3,BlueJay
311563.mp3,BlueJay
311958.mp3,BlueJay
311959.mp3,BlueJay
313063.mp3,BlueJay
313064.mp3,BlueJay
315101.mp3,BlueJay
32024.mp3,BlueJay
321551.mp3,BlueJay
321552.mp3,BlueJay
321638.mp3,BlueJay
325696.mp3,BlueJay
331890.mp3,BlueJay
332243.mp3,BlueJay
33617.mp3,BlueJay
342555.mp3,BlueJay
346014.mp3,BlueJay
346022.mp3,BlueJay
351864.mp3,BlueJay
354344.mp3,BlueJay
356764.mp3,BlueJay
357977.mp3,BlueJay
370249.mp3,BlueJay
381585.mp3,BlueJay
381588.mp3,BlueJay
381591.mp3,BlueJay
382347.mp3,BlueJay
382356.mp3,BlueJay
383966.mp3,BlueJay
388596.mp3,BlueJay
388611.mp3,BlueJay
389235.mp3,BlueJay
390940.mp3,BlueJay
390941.mp3,BlueJay
391461.mp3,BlueJay
409011.mp3,BlueJay
416746.mp3,BlueJay
421264.mp3,BlueJay
44106.mp3,BlueJay
463860.mp3,BlueJay
464020.mp3,BlueJay
468380.mp3,BlueJay
474990.mp3,BlueJay
475108.mp3,BlueJay
481413.mp3,BlueJay
482489.mp3,BlueJay
48409.mp3,BlueJay
493888.mp3,BlueJay
494688.mp3,BlueJay
497792.mp3,BlueJay
499798.mp3,BlueJay
509346.mp3,BlueJay
509555.mp3,BlueJay
511955.mp3,BlueJay
511958.mp3,BlueJay
511960.mp3,BlueJay
521284.mp3,BlueJay
530848.mp3,BlueJay
549775.mp3,BlueJay
549777.mp3,BlueJay
558249.mp3,BlueJay
559474.mp3,BlueJay
562454.mp3,BlueJay
564002.mp3,BlueJay
570216.mp3,BlueJay
570570.mp3,BlueJay
571792.mp3,BlueJay
572588.mp3,BlueJay
573211.mp3,BlueJay
57383.mp3,BlueJay
57384.mp3,BlueJay
581341.mp3,BlueJay
585265.mp3,BlueJay
586549.mp3,BlueJay
587334.mp3,BlueJay
587488.mp3,BlueJay
589307.mp3,BlueJay
590983.mp3,BlueJay
59118.mp3,BlueJay
592263.mp3,BlueJay
59939.mp3,BlueJay
600532.mp3,BlueJay
600535.mp3,BlueJay
615045.mp3,BlueJay
621792.mp3,BlueJay
622245.mp3,BlueJay
629110.mp3,BlueJay
632164.mp3,BlueJay
638296.mp3,BlueJay
638323.mp3,BlueJay
638324.mp3,BlueJay
640349.mp3,BlueJay
640351.mp3,BlueJay
691158.mp3,BlueJay
691159.mp3,BlueJay
691160.mp3,BlueJay
691161.mp3,BlueJay
691162.mp3,BlueJay
691163.mp3,BlueJay
691957.mp3,BlueJay
696438.mp3,BlueJay
696440.mp3,BlueJay
696752.mp3,BlueJay
70304.mp3,BlueJay
711502.mp3,BlueJay
712977.mp3,BlueJay
712978.mp3,BlueJay
734887.mp3,BlueJay
747012.mp3,BlueJay
760144.mp3,BlueJay
760145.mp3,BlueJay
792176.mp3,BlueJay
804808.mp3,BlueJay
817555.mp3,BlueJay
817557.mp3,BlueJay
817558.mp3,BlueJay
817559.mp3,BlueJay
833840.mp3,BlueJay
841327.mp3,BlueJay
861979.mp3,BlueJay
86755.mp3,BlueJay
86756.mp3,BlueJay
87747.mp3,BlueJay
880466.mp3,BlueJay
899923.mp3,BlueJay
98814.mp3,BlueJay
102138.mp3,Brown-headedNuthatch
102139.mp3,Brown-headedNuthatch
111206.mp3,Brown-headedNuthatch
111207.mp3,Brown-headedNuthatch
135504.mp3,Brown-headedNuthatch
138616.mp3,Brown-headedNuthatch
138617.mp3,Brown-headedNuthatch
138618.mp3,Brown-headedNuthatch
138619.mp3,Brown-headedNuthatch
138620.mp3,Brown-headedNuthatch
138621.mp3,Brown-headedNuthatch
138622.mp3,Brown-headedNuthatch
138623.mp3,Brown-headedNuthatch
173363.mp3,Brown-headedNuthatch
182614.mp3,Brown-headedNuthatch
192108.mp3,Brown-headedNuthatch
314876.mp3,Brown-headedNuthatch
33523.mp3,Brown-headedNuthatch
33524.mp3,Brown-headedNuthatch
33525.mp3,Brown-headedNuthatch
33526.mp3,Brown-headedNuthatch
33527.mp3,Brown-headedNuthatch
417815.mp3,Brown-headedNuthatch
481983.mp3,Brown-headedNuthatch
570311.mp3,Brown-headedNuthatch
637179.mp3,Brown-headedNuthatch
64533.mp3,Brown-headedNuthatch
651186.mp3,Brown-headedNuthatch
651187.mp3,Brown-headedNuthatch
714465.mp3,Brown-headedNuthatch
714466.mp3,Brown-headedNuthatch
714467.mp3,Brown-headedNuthatch
726413.mp3,Brown-headedNuthatch
860792.mp3,Brown-headedNuthatch
860797.mp3,Brown-headedNuthatch
877067.mp3,Brown-headedNuthatch
111140.mp3,CarolinaChickadee
112510.mp3,CarolinaChickadee
112633.mp3,CarolinaChickadee
121929.mp3,CarolinaChickadee
121930.mp3,CarolinaChickadee
121932.mp3,CarolinaChickadee
121933.mp3,CarolinaChickadee
121934.mp3,CarolinaChickadee
123408.mp3,CarolinaChickadee
123410.mp3,CarolinaChickadee
138604.mp3,CarolinaChickadee
15189.mp3,CarolinaChickadee
15190.mp3,CarolinaChickadee
154971.mp3,CarolinaChickadee
167824.mp3,CarolinaChickadee
172591.mp3,CarolinaChickadee
18445.mp3,CarolinaChickadee
18446.mp3,CarolinaChickadee
227270.mp3,CarolinaChickadee
227271.mp3,CarolinaChickadee
232860.mp3,CarolinaChickadee
309487.mp3,CarolinaChickadee
309925.mp3,CarolinaChickadee
309927.mp3,CarolinaChickadee
310196.mp3,CarolinaChickadee
33598.mp3,CarolinaChickadee
339932.mp3,CarolinaChickadee
34950.mp3,CarolinaChickadee
34951.mp3,CarolinaChickadee
360934.mp3,CarolinaChickadee
362250.mp3,CarolinaChickadee
364473.mp3,CarolinaChickadee
366600.mp3,CarolinaChickadee
391431.mp3,CarolinaChickadee
391432.mp3,CarolinaChickadee
391442.mp3,CarolinaChickadee
416023.mp3,CarolinaChickadee
416025.mp3,CarolinaChickadee
417998.mp3,CarolinaChickadee
434624.mp3,CarolinaChickadee
452616.mp3,CarolinaChickadee
464199.mp3,CarolinaChickadee
466694.mp3,CarolinaChickadee
466695.mp3,CarolinaChickadee
481987.mp3,CarolinaChickadee
483022.mp3,CarolinaChickadee
499562.mp3,CarolinaChickadee
530457.mp3,CarolinaChickadee
534330.mp3,CarolinaChickadee
534333.mp3,CarolinaChickadee
541196.mp3,CarolinaChickadee
564314.mp3,CarolinaChickadee
566447.mp3,CarolinaChickadee
571268.mp3,CarolinaChickadee
572215.mp3,CarolinaChickadee
572217.mp3,CarolinaChickadee
57321.mp3,CarolinaChickadee
57445.mp3,CarolinaChickadee
57446.mp3,CarolinaChickadee
581495.mp3,CarolinaChickadee
604293.mp3,CarolinaChickadee
606052.mp3,CarolinaChickadee
616706.mp3,CarolinaChickadee
637825.mp3,CarolinaChickadee
70980.mp3,CarolinaChickadee
713263.mp3,CarolinaChickadee
717444.mp3,CarolinaChickadee
734763.mp3,CarolinaChickadee
779380.mp3,CarolinaChickadee
781969.mp3,CarolinaChickadee
796340.mp3,CarolinaChickadee
807462.mp3,CarolinaChickadee
814916.mp3,CarolinaChickadee
814918.mp3,CarolinaChickadee
861741.mp3,CarolinaChickadee
862284.mp3,CarolinaChickadee
870686.mp3,CarolinaChickadee
870687.mp3,CarolinaChickadee
871058.mp3,CarolinaChickadee
871064.mp3,CarolinaChickadee
877868.mp3,CarolinaChickadee
877917.mp3,CarolinaChickadee
877918.mp3,CarolinaChickadee
877919.mp3,CarolinaChickadee
877920.mp3,CarolinaChickadee
877921.mp3,CarolinaChickadee
877922.mp3,CarolinaChickadee
877923.mp3,CarolinaChickadee
884282.mp3,CarolinaChickadee
109026.mp3,CarolinaWren
109027.mp3,CarolinaWren
1208.mp3,CarolinaWren
1209.mp3,CarolinaWren
1210.mp3,CarolinaWren
122447.mp3,CarolinaWren
122452.mp3,CarolinaWren
123347.mp3,CarolinaWren
124068.mp3,CarolinaWren
12996.mp3,CarolinaWren
13680.mp3,CarolinaWren
140964.mp3,CarolinaWren
140967.mp3,CarolinaWren
141031.mp3,CarolinaWren
141460.mp3,CarolinaWren
141908.mp3,CarolinaWren
143792.mp3,CarolinaWren
143793.mp3,CarolinaWren
145774.mp3,CarolinaWren
147301.mp3,CarolinaWren
15245.mp3,CarolinaWren
165326.mp3,CarolinaWren
168619.mp3,CarolinaWren
168621.mp3,CarolinaWren
168625.mp3,CarolinaWren
169157.mp3,CarolinaWren
169158.mp3,CarolinaWren
169159.mp3,CarolinaWren
169160.mp3,CarolinaWren
173574.mp3,CarolinaWren
173577.mp3,CarolinaWren
173579.mp3,CarolinaWren
178303.mp3,CarolinaWren
18247.mp3,CarolinaWren
190544.mp3,CarolinaWren
197277.mp3,CarolinaWren
202184.mp3,CarolinaWren
20434.mp3,CarolinaWren
210728.mp3,CarolinaWren
210847.mp3,CarolinaWren
210852.mp3,CarolinaWren
210855.mp3,CarolinaWren
231097.mp3,CarolinaWren
236569.mp3,CarolinaWren
236767.mp3,CarolinaWren
247310.mp3,CarolinaWren
248139.mp3,CarolinaWren
253665.mp3,CarolinaWren
255711.mp3,CarolinaWren
287906.mp3,CarolinaWren
288991.mp3,CarolinaWren
290036.mp3,CarolinaWren
291923.mp3,CarolinaWren
297111.mp3,CarolinaWren
309890.mp3,CarolinaWren
309920.mp3,CarolinaWren
309921.mp3,CarolinaWren
314878.mp3,CarolinaWren
316295.mp3,CarolinaWren
317252.mp3,CarolinaWren
317501.mp3,CarolinaWren
320419.mp3,CarolinaWren
322614.mp3,CarolinaWren
322615.mp3,CarolinaWren
322617.mp3,CarolinaWren
323734.mp3,CarolinaWren
325250.mp3,CarolinaWren
327792.mp3,CarolinaWren
327802.mp3,CarolinaWren
33595.mp3,CarolinaWren
34803.mp3,CarolinaWren
348109.mp3,CarolinaWren
353922.mp3,CarolinaWren
358187.mp3,CarolinaWren
360936.mp3,CarolinaWren
363524.mp3,CarolinaWren
363525.mp3,CarolinaWren
364592.mp3,CarolinaWren
365748.mp3,CarolinaWren
365750.mp3,CarolinaWren
366390.mp3,CarolinaWren
366604.mp3,CarolinaWren
370505.mp3,CarolinaWren
370940.mp3,CarolinaWren
371070.mp3,CarolinaWren
371639.mp3,CarolinaWren
383962.mp3,CarolinaWren
384609.mp3,CarolinaWren
391440.mp3,CarolinaWren
404722.mp3,CarolinaWren
406663.mp3,CarolinaWren
408641.mp3,CarolinaWren
408642.mp3,CarolinaWren
408643.mp3,CarolinaWren
412397.mp3,CarolinaWren
412667.mp3,CarolinaWren
416559.mp3,CarolinaWren
416822.mp3,CarolinaWren
42456.mp3,CarolinaWren
425985.mp3,CarolinaWren
429067.mp3,CarolinaWren
430853.mp3,CarolinaWren
432885.mp3,CarolinaWren
451901.mp3,CarolinaWren
452779.mp3,CarolinaWren
457190.mp3,CarolinaWren
463183.mp3,CarolinaWren
463187.mp3,CarolinaWren
464175.mp3,CarolinaWren
464178.mp3,CarolinaWren
466690.mp3,CarolinaWren
468209.mp3,CarolinaWren
468714.mp3,CarolinaWren
469529.mp3,CarolinaWren
472499.mp3,CarolinaWren
475996.mp3,CarolinaWren
477366.mp3,CarolinaWren
477368.mp3,CarolinaWren
477595.mp3,CarolinaWren
488141.mp3,CarolinaWren
49043.mp3,CarolinaWren
494030.mp3,CarolinaWren
494690.mp3,CarolinaWren
494938.mp3,CarolinaWren
498646.mp3,CarolinaWren
498647.mp3,CarolinaWren
498648.mp3,CarolinaWren
498768.mp3,CarolinaWren
498947.mp3,CarolinaWren
501898.mp3,CarolinaWren
502630.mp3,CarolinaWren
503061.mp3,CarolinaWren
503074.mp3,CarolinaWren
505822.mp3,CarolinaWren
505921.mp3,CarolinaWren
513350.mp3,CarolinaWren
513354.mp3,CarolinaWren
513670.mp3,CarolinaWren
513675.mp3,CarolinaWren
52363.mp3,CarolinaWren
530427.mp3,CarolinaWren
534668.mp3,CarolinaWren
537553.mp3,CarolinaWren
538843.mp3,CarolinaWren
538861.mp3,CarolinaWren
54302.mp3,CarolinaWren
543512.mp3,CarolinaWren
544193.mp3,CarolinaWren
546760.mp3,CarolinaWren
556630.mp3,CarolinaWren
556631.mp3,CarolinaWren
556632.mp3,CarolinaWren
556688.mp3,CarolinaWren
558225.mp3,CarolinaWren
56154.mp3,CarolinaWren
56157.mp3,CarolinaWren
562219.mp3,CarolinaWren
562223.mp3,CarolinaWren
562224.mp3,CarolinaWren
56229.mp3,CarolinaWren
563199.mp3,CarolinaWren
563611.mp3,CarolinaWren
563615.mp3,CarolinaWren
563616.mp3,CarolinaWren
563816.mp3,CarolinaWren
56415.mp3,CarolinaWren
564318.mp3,CarolinaWren
564322.mp3,CarolinaWren
564323.mp3,CarolinaWren
567330.mp3,CarolinaWren
568353.mp3,CarolinaWren
569631.mp3,CarolinaWren
569632.mp3,CarolinaWren
569714.mp3,CarolinaWren
57031.mp3,CarolinaWren
570326.mp3,CarolinaWren
570651.mp3,CarolinaWren
570954.mp3,CarolinaWren
572160.mp3,CarolinaWren
572226.mp3,CarolinaWren
572229.mp3,CarolinaWren
573676.mp3,CarolinaWren
57385.mp3,CarolinaWren
574085.mp3,CarolinaWren
578525.mp3,CarolinaWren
581488.mp3,CarolinaWren
583926.mp3,CarolinaWren
593815.mp3,CarolinaWren
598822.mp3,CarolinaWren
600422.mp3,CarolinaWren
600722.mp3,CarolinaWren
601159.mp3,CarolinaWren
601906.mp3,CarolinaWren
605595.mp3,CarolinaWren
605596.mp3,CarolinaWren
607666.mp3,CarolinaWren
608354.mp3,CarolinaWren
608738.mp3,CarolinaWren
610663.mp3,CarolinaWren
616857.mp3,CarolinaWren
616879.mp3,CarolinaWren
623398.mp3,CarolinaWren
625149.mp3,CarolinaWren
625160.mp3,CarolinaWren
62772.mp3,CarolinaWren
637178.mp3,CarolinaWren
654818.mp3,CarolinaWren
655051.mp3,CarolinaWren
667670.mp3,CarolinaWren
668894.mp3,CarolinaWren
668895.mp3,CarolinaWren
682555.mp3,CarolinaWren
682556.mp3,CarolinaWren
682561.mp3,CarolinaWren
683969.mp3,CarolinaWren
692426.mp3,CarolinaWren
692428.mp3,CarolinaWren
703720.mp3,CarolinaWren
705757.mp3,CarolinaWren
705760.mp3,CarolinaWren
705803.mp3,CarolinaWren
705805.mp3,CarolinaWren
71085.mp3,CarolinaWren
71092.mp3,CarolinaWren
712971.mp3,CarolinaWren
713264.mp3,CarolinaWren
713784.mp3,CarolinaWren
713786.mp3,CarolinaWren
723309.mp3,CarolinaWren
723375.mp3,CarolinaWren
726631.mp3,CarolinaWren
729229.mp3,CarolinaWren
735870.mp3,CarolinaWren
738783.mp3,CarolinaWren
77133.mp3,CarolinaWren
772283.mp3,CarolinaWren
792351.mp3,CarolinaWren
792591.mp3,CarolinaWren
793225.mp3,CarolinaWren
793702.mp3,CarolinaWren
796710.mp3,CarolinaWren
805390.mp3,CarolinaWren
811703.mp3,CarolinaWren
820851.mp3,CarolinaWren
828415.mp3,CarolinaWren
828436.mp3,CarolinaWren
828439.mp3,CarolinaWren
828442.mp3,CarolinaWren
831256.mp3,CarolinaWren
855744.mp3,CarolinaWren
870688.mp3,CarolinaWren
877867.mp3,CarolinaWren
879133.mp3,CarolinaWren
884090.mp3,CarolinaWren
896572.mp3,CarolinaWren
899252.mp3,CarolinaWren
899254.mp3,CarolinaWren
900263.mp3,CarolinaWren
903852.mp3,CarolinaWren
905508.mp3,CarolinaWren
142622.mp3,CedarWaxwing
185609.mp3,CedarWaxwing
276800.mp3,CedarWaxwing
288251.mp3,CedarWaxwing
313683.mp3,CedarWaxwing
361006.mp3,CedarWaxwing
36559.mp3,CedarWaxwing
408579.mp3,CedarWaxwing
408580.mp3,CedarWaxwing
408581.mp3,CedarWaxwing
425137.mp3,CedarWaxwing
428497.mp3,CedarWaxwing
433093.mp3,CedarWaxwing
446808.mp3,CedarWaxwing
457006.mp3,CedarWaxwing
476655.mp3,CedarWaxwing
561191.mp3,CedarWaxwing
582126.mp3,CedarWaxwing
598824.mp3,CedarWaxwing
610058.mp3,CedarWaxwing
616703.mp3,CedarWaxwing
65794.mp3,CedarWaxwing
663227.mp3,CedarWaxwing
771668.mp3,CedarWaxwing
823171.mp3,CedarWaxwing
104951.mp3,ChippingSparrow
109311.mp3,ChippingSparrow
125188.mp3,ChippingSparrow
125190.mp3,ChippingSparrow
125192.mp3,ChippingSparrow
125194.mp3,ChippingSparrow
12579.mp3,ChippingSparrow
12580.mp3,ChippingSparrow
131573.mp3,ChippingSparrow
131641.mp3,ChippingSparrow
13670.mp3,ChippingSparrow
138064.mp3,ChippingSparrow
138781.mp3,ChippingSparrow
139882.mp3,ChippingSparrow
141461.mp3,ChippingSparrow
142341.mp3,ChippingSparrow
144094.mp3,ChippingSparrow
163938.mp3,ChippingSparrow
16985.mp3,ChippingSparrow
254450.mp3,ChippingSparrow
254451.mp3,ChippingSparrow
269236.mp3,ChippingSparrow
269237.mp3,ChippingSparrow
269238.mp3,ChippingSparrow
288985.mp3,ChippingSparrow
294364.mp3,ChippingSparrow
308852.mp3,ChippingSparrow
313309.mp3,ChippingSparrow
315096.mp3,ChippingSparrow
320440.mp3,ChippingSparrow
322659.mp3,ChippingSparrow
322662.mp3,ChippingSparrow
322665.mp3,ChippingSparrow
325097.mp3,ChippingSparrow
327576.mp3,ChippingSparrow
327741.mp3,ChippingSparrow
328414.mp3,ChippingSparrow
34883.mp3,ChippingSparrow
34884.mp3,ChippingSparrow
376219.mp3,ChippingSparrow
378424.mp3,ChippingSparrow
381385.mp3,ChippingSparrow
382859.mp3,ChippingSparrow
383963.mp3,ChippingSparrow
389900.mp3,ChippingSparrow
392869.mp3,ChippingSparrow
408440.mp3,ChippingSparrow
412683.mp3,ChippingSparrow
412955.mp3,ChippingSparrow
412956.mp3,ChippingSparrow
421304.mp3,ChippingSparrow
424512.mp3,ChippingSparrow
444638.mp3,ChippingSparrow
444639.mp3,ChippingSparrow
444640.mp3,ChippingSparrow
467078.mp3,ChippingSparrow
467080.mp3,ChippingSparrow
467081.mp3,ChippingSparrow
47096.mp3,ChippingSparrow
482998.mp3,ChippingSparrow
483739.mp3,ChippingSparrow
483740.mp3,ChippingSparrow
498249.mp3,ChippingSparrow
498661.mp3,ChippingSparrow
558654.mp3,ChippingSparrow
560208.mp3,ChippingSparrow
560581.mp3,ChippingSparrow
565114.mp3,ChippingSparrow
565517.mp3,ChippingSparrow
56891.mp3,ChippingSparrow
572214.mp3,ChippingSparrow
573502.mp3,ChippingSparrow
574503.mp3,ChippingSparrow
574642.mp3,ChippingSparrow
574796.mp3,ChippingSparrow
574797.mp3,ChippingSparrow
598828.mp3,ChippingSparrow
611297.mp3,ChippingSparrow
611302.mp3,ChippingSparrow
61635.mp3,ChippingSparrow
645149.mp3,ChippingSparrow
645554.mp3,ChippingSparrow
655053.mp3,ChippingSparrow
691307.mp3,ChippingSparrow
691765.mp3,ChippingSparrow
702347.mp3,ChippingSparrow
702348.mp3,ChippingSparrow
729074.mp3,ChippingSparrow
729075.mp3,ChippingSparrow
77992.mp3,ChippingSparrow
802735.mp3,ChippingSparrow
807043.mp3,ChippingSparrow
83519.mp3,ChippingSparrow
895143.mp3,ChippingSparrow
895145.mp3,ChippingSparrow
895146.mp3,ChippingSparrow
895148.mp3,ChippingSparrow
895150.mp3,ChippingSparrow
104512.mp3,Dark-eyedJunco
104514.mp3,Dark-eyedJunco
104584.mp3,Dark-eyedJunco
104585.mp3,Dark-eyedJunco
104586.mp3,Dark-eyedJunco
104587.mp3,Dark-eyedJunco
107854.mp3,Dark-eyedJunco
109855.mp3,Dark-eyedJunco
110975.mp3,Dark-eyedJunco
113826.mp3,Dark-eyedJunco
114667.mp3,Dark-eyedJunco
125069.mp3,Dark-eyedJunco
125070.mp3,Dark-eyedJunco
125072.mp3,Dark-eyedJunco
125073.mp3,Dark-eyedJunco
125075.mp3,Dark-eyedJunco
125076.mp3,Dark-eyedJunco
125077.mp3,Dark-eyedJunco
125078.mp3,Dark-eyedJunco
125081.mp3,Dark-eyedJunco
125725.mp3,Dark-eyedJunco
13878.mp3,Dark-eyedJunco
13879.mp3,Dark-eyedJunco
13880.mp3,Dark-eyedJunco
139623.mp3,Dark-eyedJunco
14232.mp3,Dark-eyedJunco
14233.mp3,Dark-eyedJunco
152586.mp3,Dark-eyedJunco
169594.mp3,Dark-eyedJunco
172401.mp3,Dark-eyedJunco
172408.mp3,Dark-eyedJunco
178940.mp3,Dark-eyedJunco
181419.mp3,Dark-eyedJunco
195844.mp3,Dark-eyedJunco
205543.mp3,Dark-eyedJunco
206096.mp3,Dark-eyedJunco
206101.mp3,Dark-eyedJunco
207795.mp3,Dark-eyedJunco
20829.mp3,Dark-eyedJunco
20830.mp3,Dark-eyedJunco
20831.mp3,Dark-eyedJunco
22066.mp3,Dark-eyedJunco
224746.mp3,Dark-eyedJunco
224747.mp3,Dark-eyedJunco
224748.mp3,Dark-eyedJunco
253589.mp3,Dark-eyedJunco
254477.mp3,Dark-eyedJunco
254478.mp3,Dark-eyedJunco
254480.mp3,Dark-eyedJunco
267999.mp3,Dark-eyedJunco
269028.mp3,Dark-eyedJunco
269029.mp3,Dark-eyedJunco
289054.mp3,Dark-eyedJunco
322995.mp3,Dark-eyedJunco
327747.mp3,Dark-eyedJunco
330636.mp3,Dark-eyedJunco
34287.mp3,Dark-eyedJunco
35301.mp3,Dark-eyedJunco
353496.mp3,Dark-eyedJunco
353513.mp3,Dark-eyedJunco
353583.mp3,Dark-eyedJunco
357028.mp3,Dark-eyedJunco
362427.mp3,Dark-eyedJunco
362894.mp3,Dark-eyedJunco
365749.mp3,Dark-eyedJunco
367068.mp3,Dark-eyedJunco
373791.mp3,Dark-eyedJunco
381584.mp3,Dark-eyedJunco
381586.mp3,Dark-eyedJunco
381590.mp3,Dark-eyedJunco
381592.mp3,Dark-eyedJunco
382680.mp3,Dark-eyedJunco
406329.mp3,Dark-eyedJunco
406330.mp3,Dark-eyedJunco
408651.mp3,Dark-eyedJunco
408652.mp3,Dark-eyedJunco
408663.mp3,Dark-eyedJunco
408664.mp3,Dark-eyedJunco
420400.mp3,Dark-eyedJunco
421294.mp3,Dark-eyedJunco
448964.mp3,Dark-eyedJunco
449492.mp3,Dark-eyedJunco
469746.mp3,Dark-eyedJunco
473419.mp3,Dark-eyedJunco
477131.mp3,Dark-eyedJunco
479476.mp3,Dark-eyedJunco
481214.mp3,Dark-eyedJunco
483708.mp3,Dark-eyedJunco
483713.mp3,Dark-eyedJunco
494258.mp3,Dark-eyedJunco
510802.mp3,Dark-eyedJunco
522860.mp3,Dark-eyedJunco
538591.mp3,Dark-eyedJunco
550080.mp3,Dark-eyedJunco
563632.mp3,Dark-eyedJunco
563644.mp3,Dark-eyedJunco
563730.mp3,Dark-eyedJunco
563732.mp3,Dark-eyedJunco
567901.mp3,Dark-eyedJunco
567924.mp3,Dark-eyedJunco
570869.mp3,Dark-eyedJunco
571053.mp3,Dark-eyedJunco
571054.mp3,Dark-eyedJunco
571056.mp3,Dark-eyedJunco
571062.mp3,Dark-eyedJunco
577486.mp3,Dark-eyedJunco
582530.mp3,Dark-eyedJunco
582574.mp3,Dark-eyedJunco
600769.mp3,Dark-eyedJunco
600770.mp3,Dark-eyedJunco
605843.mp3,Dark-eyedJunco
605845.mp3,Dark-eyedJunco
605846.mp3,Dark-eyedJunco
606100.mp3,Dark-eyedJunco
606101.mp3,Dark-eyedJunco
609231.mp3,Dark-eyedJunco
628046.mp3,Dark-eyedJunco
628047.mp3,Dark-eyedJunco
628049.mp3,Dark-eyedJunco
628051.mp3,Dark-eyedJunco
628056.mp3,Dark-eyedJunco
628060.mp3,Dark-eyedJunco
638299.mp3,Dark-eyedJunco
638300.mp3,Dark-eyedJunco
662858.mp3,Dark-eyedJunco
663743.mp3,Dark-eyedJunco
667170.mp3,Dark-eyedJunco
691316.mp3,Dark-eyedJunco
691317.mp3,Dark-eyedJunco
691318.mp3,Dark-eyedJunco
703742.mp3,Dark-eyedJunco
714328.mp3,Dark-eyedJunco
714834.mp3,Dark-eyedJunco
718176.mp3,Dark-eyedJunco
718181.mp3,Dark-eyedJunco
718190.mp3,Dark-eyedJunco
72923.mp3,Dark-eyedJunco
732715.mp3,Dark-eyedJunco
735828.mp3,Dark-eyedJunco
737551.mp3,Dark-eyedJunco
76211.mp3,Dark-eyedJunco
76515.mp3,Dark-eyedJunco
76620.mp3,Dark-eyedJunco
76621.mp3,Dark-eyedJunco
76622.mp3,Dark-eyedJunco
766386.mp3,Dark-eyedJunco
776032.mp3,Dark-eyedJunco
79076.mp3,Dark-eyedJunco
79077.mp3,Dark-eyedJunco
79618.mp3,Dark-eyedJunco
797245.mp3,Dark-eyedJunco
79986.mp3,Dark-eyedJunco
804601.mp3,Dark-eyedJunco
813931.mp3,Dark-eyedJunco
817988.mp3,Dark-eyedJunco
83520.mp3,Dark-eyedJunco
856816.mp3,Dark-eyedJunco
857049.mp3,Dark-eyedJunco
878339.mp3,Dark-eyedJunco
911664.mp3,Dark-eyedJunco
911998.mp3,Dark-eyedJunco
917295.mp3,Dark-eyedJunco
115431.mp3,DownyWoodpecker
115432.mp3,DownyWoodpecker
134879.mp3,DownyWoodpecker
144084.mp3,DownyWoodpecker
144085.mp3,DownyWoodpecker
169168.mp3,DownyWoodpecker
173585.mp3,DownyWoodpecker
192207.mp3,DownyWoodpecker
210550.mp3,DownyWoodpecker
210866.mp3,DownyWoodpecker
210867.mp3,DownyWoodpecker
30793.mp3,DownyWoodpecker
313331.mp3,DownyWoodpecker
318914.mp3,DownyWoodpecker
320358.mp3,DownyWoodpecker
332244.mp3,DownyWoodpecker
333284.mp3,DownyWoodpecker
33614.mp3,DownyWoodpecker
33615.mp3,DownyWoodpecker
353477.mp3,DownyWoodpecker
360351.mp3,DownyWoodpecker
373770.mp3,DownyWoodpecker
385836.mp3,DownyWoodpecker
404415.mp3,DownyWoodpecker
416732.mp3,DownyWoodpecker
420821.mp3,DownyWoodpecker
455560.mp3,DownyWoodpecker
457432.mp3,DownyWoodpecker
460829.mp3,DownyWoodpecker
460990.mp3,DownyWoodpecker
460991.mp3,DownyWoodpecker
466635.mp3,DownyWoodpecker
473322.mp3,DownyWoodpecker
473451.mp3,DownyWoodpecker
494966.mp3,DownyWoodpecker
500162.mp3,DownyWoodpecker
500163.mp3,DownyWoodpecker
523512.mp3,DownyWoodpecker
542747.mp3,DownyWoodpecker
543745.mp3,DownyWoodpecker
544561.mp3,DownyWoodpecker
549599.mp3,DownyWoodpecker
550078.mp3,DownyWoodpecker
552104.mp3,DownyWoodpecker
552496.mp3,DownyWoodpecker
561393.mp3,DownyWoodpecker
565028.mp3,DownyWoodpecker
565031.mp3,DownyWoodpecker
566137.mp3,DownyWoodpecker
567618.mp3,DownyWoodpecker
584858.mp3,DownyWoodpecker
590054.mp3,DownyWoodpecker
599324.mp3,DownyWoodpecker
601009.mp3,DownyWoodpecker
611820.mp3,DownyWoodpecker
612294.mp3,DownyWoodpecker
617430.mp3,DownyWoodpecker
628653.mp3,DownyWoodpecker
643810.mp3,DownyWoodpecker
65595.mp3,DownyWoodpecker
657210.mp3,DownyWoodpecker
661258.mp3,DownyWoodpecker
664398.mp3,DownyWoodpecker
667190.mp3,DownyWoodpecker
673147.mp3,DownyWoodpecker
676924.mp3,DownyWoodpecker
702359.mp3,DownyWoodpecker
708966.mp3,DownyWoodpecker
727249.mp3,DownyWoodpecker
72916.mp3,DownyWoodpecker
72982.mp3,DownyWoodpecker
76080.mp3,DownyWoodpecker
772362.mp3,DownyWoodpecker
772363.mp3,DownyWoodpecker
772365.mp3,DownyWoodpecker
772366.mp3,DownyWoodpecker
772367.mp3,DownyWoodpecker
78061.mp3,DownyWoodpecker
793716.mp3,DownyWoodpecker
879142.mp3,DownyWoodpecker
880467.mp3,DownyWoodpecker
897608.mp3,DownyWoodpecker
89855.mp3,DownyWoodpecker
1374.mp3,EasternBluebird
139430.mp3,EasternBluebird
139431.mp3,EasternBluebird
150395.mp3,EasternBluebird
167838.mp3,EasternBluebird
171698.mp3,EasternBluebird
179669.mp3,EasternBluebird
180249.mp3,EasternBluebird
180252.mp3,EasternBluebird
18391.mp3,EasternBluebird
18392.mp3,EasternBluebird
301392.mp3,EasternBluebird
376223.mp3,EasternBluebird
378953.mp3,EasternBluebird
408995.mp3,EasternBluebird
408996.mp3,EasternBluebird
408997.mp3,EasternBluebird
408998.mp3,EasternBluebird
408999.mp3,EasternBluebird
409000.mp3,EasternBluebird
420915.mp3,EasternBluebird
481623.mp3,EasternBluebird
481975.mp3,EasternBluebird
498959.mp3,EasternBluebird
570310.mp3,EasternBluebird
570566.mp3,EasternBluebird
570650.mp3,EasternBluebird
589468.mp3,EasternBluebird
599325.mp3,EasternBluebird
601010.mp3,EasternBluebird
601011.mp3,EasternBluebird
601013.mp3,EasternBluebird
604632.mp3,EasternBluebird
608740.mp3,EasternBluebird
626711.mp3,EasternBluebird
638302.mp3,EasternBluebird
70120.mp3,EasternBluebird
712412.mp3,EasternBluebird
824503.mp3,EasternBluebird
844282.mp3,EasternBluebird
890146.mp3,EasternBluebird
890150.mp3,EasternBluebird
890151.mp3,EasternBluebird
890154.mp3,EasternBluebird
110083.mp3,EasternKingbird
132630.mp3,EasternKingbird
134875.mp3,EasternKingbird
13606.mp3,EasternKingbird
13607.mp3,EasternKingbird
145785.mp3,EasternKingbird
145786.mp3,EasternKingbird
177974.mp3,EasternKingbird
185549.mp3,EasternKingbird
323774.mp3,EasternKingbird
324747.mp3,EasternKingbird
330656.mp3,EasternKingbird
433091.mp3,EasternKingbird
509628.mp3,EasternKingbird
561409.mp3,EasternKingbird
574725.mp3,EasternKingbird
57571.mp3,EasternKingbird
599327.mp3,EasternKingbird
612984.mp3,EasternKingbird
691320.mp3,EasternKingbird
7718.mp3,EasternKingbird
817569.mp3,EasternKingbird
817570.mp3,EasternKingbird
817571.mp3,EasternKingbird
817573.mp3,EasternKingbird
82743.mp3,EasternKingbird
840739.mp3,EasternKingbird
10175.mp3,EasternPhoebe
132866.mp3,EasternPhoebe
1375.mp3,EasternPhoebe
1376.mp3,EasternPhoebe
14856.mp3,EasternPhoebe
14857.mp3,EasternPhoebe
14858.mp3,EasternPhoebe
161099.mp3,EasternPhoebe
173954.mp3,EasternPhoebe
176000.mp3,EasternPhoebe
178126.mp3,EasternPhoebe
290116.mp3,EasternPhoebe
308402.mp3,EasternPhoebe
316236.mp3,EasternPhoebe
318747.mp3,EasternPhoebe
344280.mp3,EasternPhoebe
354815.mp3,EasternPhoebe
363519.mp3,EasternPhoebe
370485.mp3,EasternPhoebe
375493.mp3,EasternPhoebe
376069.mp3,EasternPhoebe
378993.mp3,EasternPhoebe
388696.mp3,EasternPhoebe
410837.mp3,EasternPhoebe
470950.mp3,EasternPhoebe
472498.mp3,EasternPhoebe
477163.mp3,EasternPhoebe
49046.mp3,EasternPhoebe
49875.mp3,EasternPhoebe
529021.mp3,EasternPhoebe
562448.mp3,EasternPhoebe
562622.mp3,EasternPhoebe
562854.mp3,EasternPhoebe
564546.mp3,EasternPhoebe
570858.mp3,EasternPhoebe
57258.mp3,EasternPhoebe
572711.mp3,EasternPhoebe
593184.mp3,EasternPhoebe
593638.mp3,EasternPhoebe
601016.mp3,EasternPhoebe
601019.mp3,EasternPhoebe
652269.mp3,EasternPhoebe
682550.mp3,EasternPhoebe
713589.mp3,EasternPhoebe
713591.mp3,EasternPhoebe
856288.mp3,EasternPhoebe
863869.mp3,EasternPhoebe
883173.mp3,EasternPhoebe
893394.mp3,EasternPhoebe
893395.mp3,EasternPhoebe
99544.mp3,EasternPhoebe
101840.mp3,EasternTowhee
109895.mp3,EasternTowhee
109896.mp3,EasternTowhee
109897.mp3,EasternTowhee
1254.mp3,EasternTowhee
130572.mp3,EasternTowhee
130573.mp3,EasternTowhee
130574.mp3,EasternTowhee
13163.mp3,EasternTowhee
133920.mp3,EasternTowhee
13417.mp3,EasternTowhee
145787.mp3,EasternTowhee
145788.mp3,EasternTowhee
161101.mp3,EasternTowhee
173587.mp3,EasternTowhee
177501.mp3,EasternTowhee
177505.mp3,EasternTowhee
178534.mp3,EasternTowhee
179558.mp3,EasternTowhee
179667.mp3,EasternTowhee
181515.mp3,EasternTowhee
18390.mp3,EasternTowhee
190528.mp3,EasternTowhee
192280.mp3,EasternTowhee
192281.mp3,EasternTowhee
192282.mp3,EasternTowhee
196132.mp3,EasternTowhee
20764.mp3,EasternTowhee
244527.mp3,EasternTowhee
244528.mp3,EasternTowhee
247525.mp3,EasternTowhee
293823.mp3,EasternTowhee
306352.mp3,EasternTowhee
307795.mp3,EasternTowhee
310201.mp3,EasternTowhee
310836.mp3,EasternTowhee
310838.mp3,EasternTowhee
315600.mp3,EasternTowhee
315601.mp3,EasternTowhee
315602.mp3,EasternTowhee
315607.mp3,EasternTowhee
315753.mp3,EasternTowhee
316002.mp3,EasternTowhee
316235.mp3,EasternTowhee
317101.mp3,EasternTowhee
318896.mp3,EasternTowhee
318910.mp3,EasternTowhee
319606.mp3,EasternTowhee
320359.mp3,EasternTowhee
320442.mp3,EasternTowhee
320484.mp3,EasternTowhee
320489.mp3,EasternTowhee
322448.mp3,EasternTowhee
322495.mp3,EasternTowhee
323245.mp3,EasternTowhee
327673.mp3,EasternTowhee
33778.mp3,EasternTowhee
33779.mp3,EasternTowhee
33780.mp3,EasternTowhee
361029.mp3,EasternTowhee
362457.mp3,EasternTowhee
362472.mp3,EasternTowhee
368388.mp3,EasternTowhee
370508.mp3,EasternTowhee
375267.mp3,EasternTowhee
375279.mp3,EasternTowhee
375280.mp3,EasternTowhee
375281.mp3,EasternTowhee
378994.mp3,EasternTowhee
381691.mp3,EasternTowhee
388583.mp3,EasternTowhee
389236.mp3,EasternTowhee
389899.mp3,EasternTowhee
391457.mp3,EasternTowhee
410054.mp3,EasternTowhee
412958.mp3,EasternTowhee
420839.mp3,EasternTowhee
420913.mp3,EasternTowhee
426246.mp3,EasternTowhee
429255.mp3,EasternTowhee
429256.mp3,EasternTowhee
429257.mp3,EasternTowhee
429258.mp3,EasternTowhee
430295.mp3,EasternTowhee
433090.mp3,EasternTowhee
464674.mp3,EasternTowhee
464676.mp3,EasternTowhee
465006.mp3,EasternTowhee
466313.mp3,EasternTowhee
466314.mp3,EasternTowhee
466364.mp3,EasternTowhee
466700.mp3,EasternTowhee
469870.mp3,EasternTowhee
474592.mp3,EasternTowhee
504696.mp3,EasternTowhee
53188.mp3,EasternTowhee
539690.mp3,EasternTowhee
540010.mp3,EasternTowhee
54600.mp3,EasternTowhee
546745.mp3,EasternTowhee
54843.mp3,EasternTowhee
548754.mp3,EasternTowhee
551838.mp3,EasternTowhee
551839.mp3,EasternTowhee
556508.mp3,EasternTowhee
556509.mp3,EasternTowhee
556863.mp3,EasternTowhee
561406.mp3,EasternTowhee
562222.mp3,EasternTowhee
563617.mp3,EasternTowhee
563736.mp3,EasternTowhee
566448.mp3,EasternTowhee
566449.mp3,EasternTowhee
568350.mp3,EasternTowhee
568797.mp3,EasternTowhee
568798.mp3,EasternTowhee
569278.mp3,EasternTowhee
569279.mp3,EasternTowhee
570931.mp3,EasternTowhee
570933.mp3,EasternTowhee
572218.mp3,EasternTowhee
572373.mp3,EasternTowhee
572388.mp3,EasternTowhee
575699.mp3,EasternTowhee
580960.mp3,EasternTowhee
583502.mp3,EasternTowhee
589364.mp3,EasternTowhee
59099.mp3,EasternTowhee
59100.mp3,EasternTowhee
599326.mp3,EasternTowhee
601021.mp3,EasternTowhee
601022.mp3,EasternTowhee
601023.mp3,EasternTowhee
609944.mp3,EasternTowhee
624948.mp3,EasternTowhee
645749.mp3,EasternTowhee
691321.mp3,EasternTowhee
691322.mp3,EasternTowhee
691323.mp3,EasternTowhee
691324.mp3,EasternTowhee
691325.mp3,EasternTowhee
691327.mp3,EasternTowhee
691328.mp3,EasternTowhee
691329.mp3,EasternTowhee
713488.mp3,EasternTowhee
722360.mp3,EasternTowhee
723293.mp3,EasternTowhee
726190.mp3,EasternTowhee
734912.mp3,EasternTowhee
738366.mp3,EasternTowhee
776761.mp3,EasternTowhee
779377.mp3,EasternTowhee
784135.mp3,EasternTowhee
785767.mp3,EasternTowhee
786139.mp3,EasternTowhee
787078.mp3,EasternTowhee
818031.mp3,EasternTowhee
83524.mp3,EasternTowhee
859543.mp3,EasternTowhee
860753.mp3,EasternTowhee
860754.mp3,EasternTowhee
879097.mp3,EasternTowhee
880410.mp3,EasternTowhee
880411.mp3,EasternTowhee
880412.mp3,EasternTowhee
880420.mp3,EasternTowhee
895154.mp3,EasternTowhee
895156.mp3,EasternTowhee
899107.mp3,EasternTowhee
97241.mp3,EasternTowhee
97244.mp3,EasternTowhee
101439.mp3,HouseFinch
124078.mp3,HouseFinch
13700.mp3,HouseFinch
141470.mp3,HouseFinch
14517.mp3,HouseFinch
179232.mp3,HouseFinch
185193.mp3,HouseFinch
188371.mp3,HouseFinch
188373.mp3,HouseFinch
201428.mp3,HouseFinch
219331.mp3,HouseFinch
219332.mp3,HouseFinch
219339.mp3,HouseFinch
219340.mp3,HouseFinch
219349.mp3,HouseFinch
219350.mp3,HouseFinch
219358.mp3,HouseFinch
220519.mp3,HouseFinch
268457.mp3,HouseFinch
268458.mp3,HouseFinch
268462.mp3,HouseFinch
268463.mp3,HouseFinch
268464.mp3,HouseFinch
268465.mp3,HouseFinch
301685.mp3,HouseFinch
307684.mp3,HouseFinch
307811.mp3,HouseFinch
309624.mp3,HouseFinch
310666.mp3,HouseFinch
319140.mp3,HouseFinch
326408.mp3,HouseFinch
328235.mp3,HouseFinch
34860.mp3,HouseFinch
358850.mp3,HouseFinch
362519.mp3,HouseFinch
423324.mp3,HouseFinch
440009.mp3,HouseFinch
448959.mp3,HouseFinch
468779.mp3,HouseFinch
469591.mp3,HouseFinch
471147.mp3,HouseFinch
474137.mp3,HouseFinch
474138.mp3,HouseFinch
481935.mp3,HouseFinch
483967.mp3,HouseFinch
493111.mp3,HouseFinch
498247.mp3,HouseFinch
499796.mp3,HouseFinch
500927.mp3,HouseFinch
510713.mp3,HouseFinch
550903.mp3,HouseFinch
550963.mp3,HouseFinch
550964.mp3,HouseFinch
559015.mp3,HouseFinch
569976.mp3,HouseFinch
569979.mp3,HouseFinch
569982.mp3,HouseFinch
570952.mp3,HouseFinch
571042.mp3,HouseFinch
572692.mp3,HouseFinch
583810.mp3,HouseFinch
583811.mp3,HouseFinch
583812.mp3,HouseFinch
584860.mp3,HouseFinch
584861.mp3,HouseFinch
59063.mp3,HouseFinch
622745.mp3,HouseFinch
623936.mp3,HouseFinch
625844.mp3,HouseFinch
638608.mp3,HouseFinch
658900.mp3,HouseFinch
679337.mp3,HouseFinch
691598.mp3,HouseFinch
691600.mp3,HouseFinch
70208.mp3,HouseFinch
703917.mp3,HouseFinch
704622.mp3,HouseFinch
72282.mp3,HouseFinch
731970.mp3,HouseFinch
743185.mp3,HouseFinch
743188.mp3,HouseFinch
743810.mp3,HouseFinch
764681.mp3,HouseFinch
790022.mp3,HouseFinch
814493.mp3,HouseFinch
875451.mp3,HouseFinch
89858.mp3,HouseFinch
898674.mp3,HouseFinch
899902.mp3,HouseFinch
900137.mp3,HouseFinch
900139.mp3,HouseFinch
900143.mp3,HouseFinch
900144.mp3,HouseFinch
99546.mp3,HouseFinch
357023.mp3,Mallard
408087.mp3,Mallard
408845.mp3,Mallard
511953.mp3,Mallard
530119.mp3,Mallard
534192.mp3,Mallard
596809.mp3,Mallard
601882.mp3,Mallard
607324.mp3,Mallard
62258.mp3,Mallard
623898.mp3,Mallard
629278.mp3,Mallard
712895.mp3,Mallard
72753.mp3,Mallard
769582.mp3,Mallard
769583.mp3,Mallard
906162.mp3,Mallard
109033.mp3,MourningDove
131448.mp3,MourningDove
14871.mp3,MourningDove
14872.mp3,MourningDove
153639.mp3,MourningDove
153645.mp3,MourningDove
153648.mp3,MourningDove
153651.mp3,MourningDove
153652.mp3,MourningDove
153653.mp3,MourningDove
153654.mp3,MourningDove
196881.mp3,MourningDove
253387.mp3,MourningDove
268206.mp3,MourningDove
268207.mp3,MourningDove
268208.mp3,MourningDove
268209.mp3,MourningDove
268211.mp3,MourningDove
268216.mp3,MourningDove
349471.mp3,MourningDove
35100.mp3,MourningDove
35102.mp3,MourningDove
368461.mp3,MourningDove
382741.mp3,MourningDove
407859.mp3,MourningDove
430095.mp3,MourningDove
451819.mp3,MourningDove
459335.mp3,MourningDove
493300.mp3,MourningDove
495471.mp3,MourningDove
518403.mp3,MourningDove
572383.mp3,MourningDove
572594.mp3,MourningDove
580701.mp3,MourningDove
583574.mp3,MourningDove
583575.mp3,MourningDove
583577.mp3,MourningDove
583580.mp3,MourningDove
583581.mp3,MourningDove
613539.mp3,MourningDove
621374.mp3,MourningDove
621377.mp3,MourningDove
621378.mp3,MourningDove
638304.mp3,MourningDove
691623.mp3,MourningDove
758692.mp3,MourningDove
767710.mp3,MourningDove
807126.mp3,MourningDove
815803.mp3,MourningDove
132862.mp3,MyrtleWarbler
135650.mp3,MyrtleWarbler
135918.mp3,MyrtleWarbler
138277.mp3,MyrtleWarbler
138282.mp3,MyrtleWarbler
138293.mp3,MyrtleWarbler
138635.mp3,MyrtleWarbler
165360.mp3,MyrtleWarbler
165361.mp3,MyrtleWarbler
169268.mp3,MyrtleWarbler
183337.mp3,MyrtleWarbler
188619.mp3,MyrtleWarbler
193661.mp3,MyrtleWarbler
193662.mp3,MyrtleWarbler
203759.mp3,MyrtleWarbler
212491.mp3,MyrtleWarbler
244402.mp3,MyrtleWarbler
296193.mp3,MyrtleWarbler
296194.mp3,MyrtleWarbler
296409.mp3,MyrtleWarbler
30789.mp3,MyrtleWarbler
320341.mp3,MyrtleWarbler
322977.mp3,MyrtleWarbler
322980.mp3,MyrtleWarbler
322986.mp3,MyrtleWarbler
322987.mp3,MyrtleWarbler
322988.mp3,MyrtleWarbler
353483.mp3,MyrtleWarbler
353591.mp3,MyrtleWarbler
353593.mp3,MyrtleWarbler
353594.mp3,MyrtleWarbler
353600.mp3,MyrtleWarbler
353603.mp3,MyrtleWarbler
378354.mp3,MyrtleWarbler
378355.mp3,MyrtleWarbler
381698.mp3,MyrtleWarbler
391179.mp3,MyrtleWarbler
391180.mp3,MyrtleWarbler
415419.mp3,MyrtleWarbler
448183.mp3,MyrtleWarbler
448725.mp3,MyrtleWarbler
469599.mp3,MyrtleWarbler
475102.mp3,MyrtleWarbler
544230.mp3,MyrtleWarbler
551319.mp3,MyrtleWarbler
59123.mp3,MyrtleWarbler
602693.mp3,MyrtleWarbler
602694.mp3,MyrtleWarbler
602698.mp3,MyrtleWarbler
602699.mp3,MyrtleWarbler
640361.mp3,MyrtleWarbler
645153.mp3,MyrtleWarbler
692219.mp3,MyrtleWarbler
692220.mp3,MyrtleWarbler
692221.mp3,MyrtleWarbler
692222.mp3,MyrtleWarbler
69913.mp3,MyrtleWarbler
700837.mp3,MyrtleWarbler
701682.mp3,MyrtleWarbler
731214.mp3,MyrtleWarbler
780788.mp3,MyrtleWarbler
7841.mp3,MyrtleWarbler
898003.mp3,MyrtleWarbler
109034.mp3,NorthernCardinal
109035.mp3,NorthernCardinal
112830.mp3,NorthernCardinal
11713.mp3,NorthernCardinal
11846.mp3,NorthernCardinal
125284.mp3,NorthernCardinal
12876.mp3,NorthernCardinal
13164.mp3,NorthernCardinal
13190.mp3,NorthernCardinal
13191.mp3,NorthernCardinal
137583.mp3,NorthernCardinal
138075.mp3,NorthernCardinal
140466.mp3,NorthernCardinal
143800.mp3,NorthernCardinal
143801.mp3,NorthernCardinal
143802.mp3,NorthernCardinal
143803.mp3,NorthernCardinal
143804.mp3,NorthernCardinal
165345.mp3,NorthernCardinal
165346.mp3,NorthernCardinal
166106.mp3,NorthernCardinal
169226.mp3,NorthernCardinal
172437.mp3,NorthernCardinal
175226.mp3,NorthernCardinal
177125.mp3,NorthernCardinal
18125.mp3,NorthernCardinal
183008.mp3,NorthernCardinal
183058.mp3,NorthernCardinal
18344.mp3,NorthernCardinal
185240.mp3,NorthernCardinal
190446.mp3,NorthernCardinal
190456.mp3,NorthernCardinal
190468.mp3,NorthernCardinal
190526.mp3,NorthernCardinal
190562.mp3,NorthernCardinal
192422.mp3,NorthernCardinal
196163.mp3,NorthernCardinal
20420.mp3,NorthernCardinal
205822.mp3,NorthernCardinal
205824.mp3,NorthernCardinal
205836.mp3,NorthernCardinal
211633.mp3,NorthernCardinal
220399.mp3,NorthernCardinal
220400.mp3,NorthernCardinal
220401.mp3,NorthernCardinal
220402.mp3,NorthernCardinal
233122.mp3,NorthernCardinal
233123.mp3,NorthernCardinal
235432.mp3,NorthernCardinal
266641.mp3,NorthernCardinal
266643.mp3,NorthernCardinal
285316.mp3,NorthernCardinal
287875.mp3,NorthernCardinal
291402.mp3,NorthernCardinal
302932.mp3,NorthernCardinal
306947.mp3,NorthernCardinal
311714.mp3,NorthernCardinal
313423.mp3,NorthernCardinal
313512.mp3,NorthernCardinal
313769.mp3,NorthernCardinal
314141.mp3,NorthernCardinal
315151.mp3,NorthernCardinal
316104.mp3,NorthernCardinal
317266.mp3,NorthernCardinal
317502.mp3,NorthernCardinal
320497.mp3,NorthernCardinal
321375.mp3,NorthernCardinal
321934.mp3,NorthernCardinal
324411.mp3,NorthernCardinal
325658.mp3,NorthernCardinal
325690.mp3,NorthernCardinal
327666.mp3,NorthernCardinal
340724.mp3,NorthernCardinal
343926.mp3,NorthernCardinal
343927.mp3,NorthernCardinal
34814.mp3,NorthernCardinal
356015.mp3,NorthernCardinal
356804.mp3,NorthernCardinal
362613.mp3,NorthernCardinal
362753.mp3,NorthernCardinal
363861.mp3,NorthernCardinal
366609.mp3,NorthernCardinal
367706.mp3,NorthernCardinal
367804.mp3,NorthernCardinal
370494.mp3,NorthernCardinal
372866.mp3,NorthernCardinal
373569.mp3,NorthernCardinal
375382.mp3,NorthernCardinal
376228.mp3,NorthernCardinal
381575.mp3,NorthernCardinal
382878.mp3,NorthernCardinal
383941.mp3,NorthernCardinal
385839.mp3,NorthernCardinal
391454.mp3,NorthernCardinal
391462.mp3,NorthernCardinal
408321.mp3,NorthernCardinal
409007.mp3,NorthernCardinal
409009.mp3,NorthernCardinal
412330.mp3,NorthernCardinal
412668.mp3,NorthernCardinal
412669.mp3,NorthernCardinal
415386.mp3,NorthernCardinal
415887.mp3,NorthernCardinal
416020.mp3,NorthernCardinal
418321.mp3,NorthernCardinal
421948.mp3,NorthernCardinal
434584.mp3,NorthernCardinal
445757.mp3,NorthernCardinal
451804.mp3,NorthernCardinal
452048.mp3,NorthernCardinal
456487.mp3,NorthernCardinal
460604.mp3,NorthernCardinal
460738.mp3,NorthernCardinal
460742.mp3,NorthernCardinal
463767.mp3,NorthernCardinal
464152.mp3,NorthernCardinal
464764.mp3,NorthernCardinal
466162.mp3,NorthernCardinal
466178.mp3,NorthernCardinal
466418.mp3,NorthernCardinal
466691.mp3,NorthernCardinal
466692.mp3,NorthernCardinal
466697.mp3,NorthernCardinal
466698.mp3,NorthernCardinal
467213.mp3,NorthernCardinal
469588.mp3,NorthernCardinal
470299.mp3,NorthernCardinal
470301.mp3,NorthernCardinal
474134.mp3,NorthernCardinal
483878.mp3,NorthernCardinal
48648.mp3,NorthernCardinal
488722.mp3,NorthernCardinal
489169.mp3,NorthernCardinal
489171.mp3,NorthernCardinal
523589.mp3,NorthernCardinal
527915.mp3,NorthernCardinal
534849.mp3,NorthernCardinal
54010.mp3,NorthernCardinal
542090.mp3,NorthernCardinal
542149.mp3,NorthernCardinal
544966.mp3,NorthernCardinal
54652.mp3,NorthernCardinal
553312.mp3,NorthernCardinal
553313.mp3,NorthernCardinal
556192.mp3,NorthernCardinal
558057.mp3,NorthernCardinal
558340.mp3,NorthernCardinal
559279.mp3,NorthernCardinal
559475.mp3,NorthernCardinal
559516.mp3,NorthernCardinal
560427.mp3,NorthernCardinal
56227.mp3,NorthernCardinal
563619.mp3,NorthernCardinal
563620.mp3,NorthernCardinal
563621.mp3,NorthernCardinal
564311.mp3,NorthernCardinal
564312.mp3,NorthernCardinal
564313.mp3,NorthernCardinal
564542.mp3,NorthernCardinal
566135.mp3,NorthernCardinal
566749.mp3,NorthernCardinal
568803.mp3,NorthernCardinal
569289.mp3,NorthernCardinal
570313.mp3,NorthernCardinal
570315.mp3,NorthernCardinal
570857.mp3,NorthernCardinal
570951.mp3,NorthernCardinal
571047.mp3,NorthernCardinal
572224.mp3,NorthernCardinal
572225.mp3,NorthernCardinal
574072.mp3,NorthernCardinal
577573.mp3,NorthernCardinal
577708.mp3,NorthernCardinal
577953.mp3,NorthernCardinal
579855.mp3,NorthernCardinal
579902.mp3,NorthernCardinal
579905.mp3,NorthernCardinal
580140.mp3,NorthernCardinal
581358.mp3,NorthernCardinal
581359.mp3,NorthernCardinal
582543.mp3,NorthernCardinal
58464.mp3,NorthernCardinal
590612.mp3,NorthernCardinal
592258.mp3,NorthernCardinal
592503.mp3,NorthernCardinal
598016.mp3,NorthernCardinal
599825.mp3,NorthernCardinal
601751.mp3,NorthernCardinal
601752.mp3,NorthernCardinal
609232.mp3,NorthernCardinal
617713.mp3,NorthernCardinal
618938.mp3,NorthernCardinal
618942.mp3,NorthernCardinal
618945.mp3,NorthernCardinal
618946.mp3,NorthernCardinal
618947.mp3,NorthernCardinal
622757.mp3,NorthernCardinal
629094.mp3,NorthernCardinal
629095.mp3,NorthernCardinal
629413.mp3,NorthernCardinal
639160.mp3,NorthernCardinal
639161.mp3,NorthernCardinal
642028.mp3,NorthernCardinal
642029.mp3,NorthernCardinal
645816.mp3,NorthernCardinal
646209.mp3,NorthernCardinal
646988.mp3,NorthernCardinal
649261.mp3,NorthernCardinal
649276.mp3,NorthernCardinal
652980.mp3,NorthernCardinal
667645.mp3,NorthernCardinal
677300.mp3,NorthernCardinal
682547.mp3,NorthernCardinal
691763.mp3,NorthernCardinal
692531.mp3,NorthernCardinal
696751.mp3,NorthernCardinal
706009.mp3,NorthernCardinal
707383.mp3,NorthernCardinal
708833.mp3,NorthernCardinal
708834.mp3,NorthernCardinal
709562.mp3,NorthernCardinal
71208.mp3,NorthernCardinal
713583.mp3,NorthernCardinal
716618.mp3,NorthernCardinal
717104.mp3,NorthernCardinal
718119.mp3,NorthernCardinal
718150.mp3,NorthernCardinal
718194.mp3,NorthernCardinal
718197.mp3,NorthernCardinal
718207.mp3,NorthernCardinal
721721.mp3,NorthernCardinal
72185.mp3,NorthernCardinal
725495.mp3,NorthernCardinal
725504.mp3,NorthernCardinal
725505.mp3,NorthernCardinal
725506.mp3,NorthernCardinal
725630.mp3,NorthernCardinal
727761.mp3,NorthernCardinal
730976.mp3,NorthernCardinal
738212.mp3,NorthernCardinal
738697.mp3,NorthernCardinal
743545.mp3,NorthernCardinal
759248.mp3,NorthernCardinal
759255.mp3,NorthernCardinal
759257.mp3,NorthernCardinal
764938.mp3,NorthernCardinal
764941.mp3,NorthernCardinal
77572.mp3,NorthernCardinal
778522.mp3,NorthernCardinal
779378.mp3,NorthernCardinal
781949.mp3,NorthernCardinal
786107.mp3,NorthernCardinal
788188.mp3,NorthernCardinal
791092.mp3,NorthernCardinal
792208.mp3,NorthernCardinal
792359.mp3,NorthernCardinal
793701.mp3,NorthernCardinal
796781.mp3,NorthernCardinal
797998.mp3,NorthernCardinal
799143.mp3,NorthernCardinal
809789.mp3,NorthernCardinal
812577.mp3,NorthernCardinal
816695.mp3,NorthernCardinal
819130.mp3,NorthernCardinal
819147.mp3,NorthernCardinal
82113.mp3,NorthernCardinal
827639.mp3,NorthernCardinal
857637.mp3,NorthernCardinal
870690.mp3,NorthernCardinal
872098.mp3,NorthernCardinal
872638.mp3,NorthernCardinal
877641.mp3,NorthernCardinal
879106.mp3,NorthernCardinal
894710.mp3,NorthernCardinal
899245.mp3,NorthernCardinal
899256.mp3,NorthernCardinal
899257.mp3,NorthernCardinal
899933.mp3,NorthernCardinal
91228.mp3,NorthernCardinal
10171.mp3,NorthernFlicker
103336.mp3,NorthernFlicker
104536.mp3,NorthernFlicker
124485.mp3,NorthernFlicker
13695.mp3,NorthernFlicker
13696.mp3,NorthernFlicker
165347.mp3,NorthernFlicker
166107.mp3,NorthernFlicker
169116.mp3,NorthernFlicker
170551.mp3,NorthernFlicker
172426.mp3,NorthernFlicker
172438.mp3,NorthernFlicker
173769.mp3,NorthernFlicker
173771.mp3,NorthernFlicker
173967.mp3,NorthernFlicker
187101.mp3,NorthernFlicker
190360.mp3,NorthernFlicker
221249.mp3,NorthernFlicker
253572.mp3,NorthernFlicker
267750.mp3,NorthernFlicker
268466.mp3,NorthernFlicker
287246.mp3,NorthernFlicker
288990.mp3,NorthernFlicker
288992.mp3,NorthernFlicker
297478.mp3,NorthernFlicker
297479.mp3,NorthernFlicker
304797.mp3,NorthernFlicker
305129.mp3,NorthernFlicker
307576.mp3,NorthernFlicker
309651.mp3,NorthernFlicker
313675.mp3,NorthernFlicker
313676.mp3,NorthernFlicker
314603.mp3,NorthernFlicker
317971.mp3,NorthernFlicker
321823.mp3,NorthernFlicker
321833.mp3,NorthernFlicker
323227.mp3,NorthernFlicker
325002.mp3,NorthernFlicker
34822.mp3,NorthernFlicker
34823.mp3,NorthernFlicker
354617.mp3,NorthernFlicker
356605.mp3,NorthernFlicker
368286.mp3,NorthernFlicker
368592.mp3,NorthernFlicker
368593.mp3,NorthernFlicker
379036.mp3,NorthernFlicker
408275.mp3,NorthernFlicker
408276.mp3,NorthernFlicker
410727.mp3,NorthernFlicker
412860.mp3,NorthernFlicker
448954.mp3,NorthernFlicker
450926.mp3,NorthernFlicker
450927.mp3,NorthernFlicker
452628.mp3,NorthernFlicker
465729.mp3,NorthernFlicker
475243.mp3,NorthernFlicker
482284.mp3,NorthernFlicker
492287.mp3,NorthernFlicker
494025.mp3,NorthernFlicker
508452.mp3,NorthernFlicker
537971.mp3,NorthernFlicker
550950.mp3,NorthernFlicker
560663.mp3,NorthernFlicker
561364.mp3,NorthernFlicker
561464.mp3,NorthernFlicker
567342.mp3,NorthernFlicker
580046.mp3,NorthernFlicker
583402.mp3,NorthernFlicker
583821.mp3,NorthernFlicker
599826.mp3,NorthernFlicker
601754.mp3,NorthernFlicker
603653.mp3,NorthernFlicker
604689.mp3,NorthernFlicker
613546.mp3,NorthernFlicker
613548.mp3,NorthernFlicker
613886.mp3,NorthernFlicker
614479.mp3,NorthernFlicker
61516.mp3,NorthernFlicker
622236.mp3,NorthernFlicker
622238.mp3,NorthernFlicker
622242.mp3,NorthernFlicker
622247.mp3,NorthernFlicker
622248.mp3,NorthernFlicker
622249.mp3,NorthernFlicker
624993.mp3,NorthernFlicker
634286.mp3,NorthernFlicker
638937.mp3,NorthernFlicker
645833.mp3,NorthernFlicker
708962.mp3,NorthernFlicker
721756.mp3,NorthernFlicker
722853.mp3,NorthernFlicker
74377.mp3,NorthernFlicker
75069.mp3,NorthernFlicker
753469.mp3,NorthernFlicker
768323.mp3,NorthernFlicker
768332.mp3,NorthernFlicker
768334.mp3,NorthernFlicker
768336.mp3,NorthernFlicker
776026.mp3,NorthernFlicker
777433.mp3,NorthernFlicker
786153.mp3,NorthernFlicker
786154.mp3,NorthernFlicker
786155.mp3,NorthernFlicker
792210.mp3,NorthernFlicker
793410.mp3,NorthernFlicker
79670.mp3,NorthernFlicker
807485.mp3,NorthernFlicker
109398.mp3,NorthernMockingbird
111150.mp3,NorthernMockingbird
113125.mp3,NorthernMockingbird
1237.mp3,NorthernMockingbird
130970.mp3,NorthernMockingbird
131455.mp3,NorthernMockingbird
13609.mp3,NorthernMockingbird
13610.mp3,NorthernMockingbird
138494.mp3,NorthernMockingbird
139965.mp3,NorthernMockingbird
14212.mp3,NorthernMockingbird
14213.mp3,NorthernMockingbird
143796.mp3,NorthernMockingbird
161347.mp3,NorthernMockingbird
167843.mp3,NorthernMockingbird
170052.mp3,NorthernMockingbird
172494.mp3,NorthernMockingbird
172647.mp3,NorthernMockingbird
172648.mp3,NorthernMockingbird
179351.mp3,NorthernMockingbird
179352.mp3,NorthernMockingbird
179353.mp3,NorthernMockingbird
18483.mp3,NorthernMockingbird
18484.mp3,NorthernMockingbird
184933.mp3,NorthernMockingbird
190539.mp3,NorthernMockingbird
192423.mp3,NorthernMockingbird
192426.mp3,NorthernMockingbird
196164.mp3,NorthernMockingbird
196664.mp3,NorthernMockingbird
202601.mp3,NorthernMockingbird
21732.mp3,NorthernMockingbird
21733.mp3,NorthernMockingbird
21735.mp3,NorthernMockingbird
232709.mp3,NorthernMockingbird
232710.mp3,NorthernMockingbird
269503.mp3,NorthernMockingbird
269617.mp3,NorthernMockingbird
269618.mp3,NorthernMockingbird
269619.mp3,NorthernMockingbird
287850.mp3,NorthernMockingbird
297284.mp3,NorthernMockingbird
305122.mp3,NorthernMockingbird
312453.mp3,NorthernMockingbird
317019.mp3,NorthernMockingbird
319143.mp3,NorthernMockingbird
321894.mp3,NorthernMockingbird
321897.mp3,NorthernMockingbird
321899.mp3,NorthernMockingbird
321902.mp3,NorthernMockingbird
321905.mp3,NorthernMockingbird
321906.mp3,NorthernMockingbird
321913.mp3,NorthernMockingbird
321914.mp3,NorthernMockingbird
321923.mp3,NorthernMockingbird
321927.mp3,NorthernMockingbird
321931.mp3,NorthernMockingbird
321932.mp3,NorthernMockingbird
321936.mp3,NorthernMockingbird
321937.mp3,NorthernMockingbird
321938.mp3,NorthernMockingbird
321941.mp3,NorthernMockingbird
321942.mp3,NorthernMockingbird
321943.mp3,NorthernMockingbird
321945.mp3,NorthernMockingbird
334320.mp3,NorthernMockingbird
343928.mp3,NorthernMockingbird
34576.mp3,NorthernMockingbird
34577.mp3,NorthernMockingbird
345779.mp3,NorthernMockingbird
346465.mp3,NorthernMockingbird
34771.mp3,NorthernMockingbird
351829.mp3,NorthernMockingbird
351830.mp3,NorthernMockingbird
351831.mp3,NorthernMockingbird
357031.mp3,NorthernMockingbird
357943.mp3,NorthernMockingbird
364588.mp3,NorthernMockingbird
374601.mp3,NorthernMockingbird
376174.mp3,NorthernMockingbird
394057.mp3,NorthernMockingbird
397709.mp3,NorthernMockingbird
406012.mp3,NorthernMockingbird
413128.mp3,NorthernMockingbird
416049.mp3,NorthernMockingbird
423438.mp3,NorthernMockingbird
430570.mp3,NorthernMockingbird
433083.mp3,NorthernMockingbird
448812.mp3,NorthernMockingbird
453028.mp3,NorthernMockingbird
468619.mp3,NorthernMockingbird
469351.mp3,NorthernMockingbird
469896.mp3,NorthernMockingbird
470300.mp3,NorthernMockingbird
477371.mp3,NorthernMockingbird
482522.mp3,NorthernMockingbird
482523.mp3,NorthernMockingbird
482525.mp3,NorthernMockingbird
488965.mp3,NorthernMockingbird
489315.mp3,NorthernMockingbird
499260.mp3,NorthernMockingbird
501837.mp3,NorthernMockingbird
503060.mp3,NorthernMockingbird
503419.mp3,NorthernMockingbird
505947.mp3,NorthernMockingbird
509281.mp3,NorthernMockingbird
511451.mp3,NorthernMockingbird
534181.mp3,NorthernMockingbird
536012.mp3,NorthernMockingbird
537579.mp3,NorthernMockingbird
538122.mp3,NorthernMockingbird
538537.mp3,NorthernMockingbird
54018.mp3,NorthernMockingbird
54019.mp3,NorthernMockingbird
541426.mp3,NorthernMockingbird
541496.mp3,NorthernMockingbird
542156.mp3,NorthernMockingbird
545024.mp3,NorthernMockingbird
545900.mp3,NorthernMockingbird
54725.mp3,NorthernMockingbird
552447.mp3,NorthernMockingbird
552450.mp3,NorthernMockingbird
553299.mp3,NorthernMockingbird
557029.mp3,NorthernMockingbird
559014.mp3,NorthernMockingbird
563125.mp3,NorthernMockingbird
567469.mp3,NorthernMockingbird
57040.mp3,NorthernMockingbird
574088.mp3,NorthernMockingbird
577152.mp3,NorthernMockingbird
58179.mp3,NorthernMockingbird
582688.mp3,NorthernMockingbird
582706.mp3,NorthernMockingbird
582708.mp3,NorthernMockingbird
582732.mp3,NorthernMockingbird
597267.mp3,NorthernMockingbird
599233.mp3,NorthernMockingbird
601520.mp3,NorthernMockingbird
602014.mp3,NorthernMockingbird
608250.mp3,NorthernMockingbird
608251.mp3,NorthernMockingbird
608252.mp3,NorthernMockingbird
608257.mp3,NorthernMockingbird
608258.mp3,NorthernMockingbird
608259.mp3,NorthernMockingbird
608452.mp3,NorthernMockingbird
608486.mp3,NorthernMockingbird
608489.mp3,NorthernMockingbird
608496.mp3,NorthernMockingbird
62791.mp3,NorthernMockingbird
629308.mp3,NorthernMockingbird
629311.mp3,NorthernMockingbird
629321.mp3,NorthernMockingbird
629329.mp3,NorthernMockingbird
629330.mp3,NorthernMockingbird
629331.mp3,NorthernMockingbird
629332.mp3,NorthernMockingbird
629334.mp3,NorthernMockingbird
629342.mp3,NorthernMockingbird
629346.mp3,NorthernMockingbird
630434.mp3,NorthernMockingbird
638306.mp3,NorthernMockingbird
653383.mp3,NorthernMockingbird
656410.mp3,NorthernMockingbird
664117.mp3,NorthernMockingbird
664292.mp3,NorthernMockingbird
677295.mp3,NorthernMockingbird
677297.mp3,NorthernMockingbird
684350.mp3,NorthernMockingbird
691629.mp3,NorthernMockingbird
696318.mp3,NorthernMockingbird
705574.mp3,NorthernMockingbird
728174.mp3,NorthernMockingbird
732601.mp3,NorthernMockingbird
753662.mp3,NorthernMockingbird
772593.mp3,NorthernMockingbird
772597.mp3,NorthernMockingbird
772598.mp3,NorthernMockingbird
772600.mp3,NorthernMockingbird
772601.mp3,NorthernMockingbird
798536.mp3,NorthernMockingbird
802792.mp3,NorthernMockingbird
805833.mp3,NorthernMockingbird
806604.mp3,NorthernMockingbird
806605.mp3,NorthernMockingbird
807240.mp3,NorthernMockingbird
807449.mp3,NorthernMockingbird
807536.mp3,NorthernMockingbird
813943.mp3,NorthernMockingbird
824768.mp3,NorthernMockingbird
833452.mp3,NorthernMockingbird
860765.mp3,NorthernMockingbird
862380.mp3,NorthernMockingbird
871912.mp3,NorthernMockingbird
871984.mp3,NorthernMockingbird
872514.mp3,NorthernMockingbird
879317.mp3,NorthernMockingbird
901002.mp3,NorthernMockingbird
901003.mp3,NorthernMockingbird
905259.mp3,NorthernMockingbird
1245.mp3,PineWarbler
130982.mp3,PineWarbler
135102.mp3,PineWarbler
138631.mp3,PineWarbler
138970.mp3,PineWarbler
144093.mp3,PineWarbler
173795.mp3,PineWarbler
177122.mp3,PineWarbler
178898.mp3,PineWarbler
180206.mp3,PineWarbler
210725.mp3,PineWarbler
21099.mp3,PineWarbler
232794.mp3,PineWarbler
252957.mp3,PineWarbler
305131.mp3,PineWarbler
305132.mp3,PineWarbler
307689.mp3,PineWarbler
33529.mp3,PineWarbler
33584.mp3,PineWarbler
356277.mp3,PineWarbler
365553.mp3,PineWarbler
366710.mp3,PineWarbler
376034.mp3,PineWarbler
408138.mp3,PineWarbler
408139.mp3,PineWarbler
408140.mp3,PineWarbler
451655.mp3,PineWarbler
469144.mp3,PineWarbler
523451.mp3,PineWarbler
543511.mp3,PineWarbler
553224.mp3,PineWarbler
563763.mp3,PineWarbler
599835.mp3,PineWarbler
599838.mp3,PineWarbler
602048.mp3,PineWarbler
602049.mp3,PineWarbler
602052.mp3,PineWarbler
602053.mp3,PineWarbler
602054.mp3,PineWarbler
602056.mp3,PineWarbler
632163.mp3,PineWarbler
632167.mp3,PineWarbler
637177.mp3,PineWarbler
638307.mp3,PineWarbler
638308.mp3,PineWarbler
638319.mp3,PineWarbler
638320.mp3,PineWarbler
640357.mp3,PineWarbler
640358.mp3,PineWarbler
691771.mp3,PineWarbler
691772.mp3,PineWarbler
691773.mp3,PineWarbler
691774.mp3,PineWarbler
691775.mp3,PineWarbler
691776.mp3,PineWarbler
691777.mp3,PineWarbler
691778.mp3,PineWarbler
691779.mp3,PineWarbler
712989.mp3,PineWarbler
726836.mp3,PineWarbler
726837.mp3,PineWarbler
782138.mp3,PineWarbler
790557.mp3,PineWarbler
790558.mp3,PineWarbler
790560.mp3,PineWarbler
790561.mp3,PineWarbler
790562.mp3,PineWarbler
790564.mp3,PineWarbler
828048.mp3,PineWarbler
828049.mp3,PineWarbler
828053.mp3,PineWarbler
845642.mp3,PineWarbler
895213.mp3,PineWarbler
895216.mp3,PineWarbler
895219.mp3,PineWarbler
895228.mp3,PineWarbler
901095.mp3,PineWarbler
227880.mp3,PurpleFinch
228211.mp3,PurpleFinch
29508.mp3,PurpleFinch
310763.mp3,PurpleFinch
33265.mp3,PurpleFinch
342339.mp3,PurpleFinch
433081.mp3,PurpleFinch
467313.mp3,PurpleFinch
467314.mp3,PurpleFinch
469597.mp3,PurpleFinch
469598.mp3,PurpleFinch
472344.mp3,PurpleFinch
534253.mp3,PurpleFinch
53777.mp3,PurpleFinch
558355.mp3,PurpleFinch
561378.mp3,PurpleFinch
561449.mp3,PurpleFinch
561450.mp3,PurpleFinch
561452.mp3,PurpleFinch
561454.mp3,PurpleFinch
582137.mp3,PurpleFinch
59169.mp3,PurpleFinch
614293.mp3,PurpleFinch
635176.mp3,PurpleFinch
640359.mp3,PurpleFinch
648112.mp3,PurpleFinch
655762.mp3,PurpleFinch
691784.mp3,PurpleFinch
691785.mp3,PurpleFinch
691786.mp3,PurpleFinch
726998.mp3,PurpleFinch
731968.mp3,PurpleFinch
742993.mp3,PurpleFinch
743163.mp3,PurpleFinch
76419.mp3,PurpleFinch
79580.mp3,PurpleFinch
807064.mp3,PurpleFinch
809799.mp3,PurpleFinch
856573.mp3,PurpleFinch
884139.mp3,PurpleFinch
97357.mp3,PurpleFinch
102885.mp3,Red-belliedWoodpecker
102886.mp3,Red-belliedWoodpecker
102887.mp3,Red-belliedWoodpecker
102888.mp3,Red-belliedWoodpecker
102889.mp3,Red-belliedWoodpecker
109900.mp3,Red-belliedWoodpecker
145836.mp3,Red-belliedWoodpecker
145837.mp3,Red-belliedWoodpecker
145838.mp3,Red-belliedWoodpecker
149514.mp3,Red-belliedWoodpecker
15175.mp3,Red-belliedWoodpecker
15177.mp3,Red-belliedWoodpecker
15178.mp3,Red-belliedWoodpecker
166111.mp3,Red-belliedWoodpecker
16875.mp3,Red-belliedWoodpecker
173821.mp3,Red-belliedWoodpecker
173822.mp3,Red-belliedWoodpecker
175780.mp3,Red-belliedWoodpecker
177120.mp3,Red-belliedWoodpecker
18381.mp3,Red-belliedWoodpecker
18382.mp3,Red-belliedWoodpecker
197302.mp3,Red-belliedWoodpecker
197303.mp3,Red-belliedWoodpecker
197305.mp3,Red-belliedWoodpecker
197306.mp3,Red-belliedWoodpecker
197307.mp3,Red-belliedWoodpecker
197308.mp3,Red-belliedWoodpecker
20493.mp3,Red-belliedWoodpecker
225523.mp3,Red-belliedWoodpecker
225524.mp3,Red-belliedWoodpecker
296661.mp3,Red-belliedWoodpecker
302917.mp3,Red-belliedWoodpecker
313426.mp3,Red-belliedWoodpecker
330659.mp3,Red-belliedWoodpecker
33616.mp3,Red-belliedWoodpecker
344283.mp3,Red-belliedWoodpecker
360970.mp3,Red-belliedWoodpecker
360971.mp3,Red-belliedWoodpecker
360972.mp3,Red-belliedWoodpecker
360973.mp3,Red-belliedWoodpecker
370506.mp3,Red-belliedWoodpecker
387128.mp3,Red-belliedWoodpecker
389243.mp3,Red-belliedWoodpecker
391443.mp3,Red-belliedWoodpecker
391448.mp3,Red-belliedWoodpecker
397775.mp3,Red-belliedWoodpecker
413329.mp3,Red-belliedWoodpecker
425393.mp3,Red-belliedWoodpecker
430699.mp3,Red-belliedWoodpecker
45033.mp3,Red-belliedWoodpecker
471315.mp3,Red-belliedWoodpecker
471369.mp3,Red-belliedWoodpecker
473321.mp3,Red-belliedWoodpecker
523116.mp3,Red-belliedWoodpecker
531416.mp3,Red-belliedWoodpecker
540326.mp3,Red-belliedWoodpecker
561380.mp3,Red-belliedWoodpecker
561385.mp3,Red-belliedWoodpecker
563618.mp3,Red-belliedWoodpecker
568575.mp3,Red-belliedWoodpecker
578523.mp3,Red-belliedWoodpecker
578524.mp3,Red-belliedWoodpecker
580880.mp3,Red-belliedWoodpecker
599842.mp3,Red-belliedWoodpecker
602291.mp3,Red-belliedWoodpecker
624447.mp3,Red-belliedWoodpecker
624689.mp3,Red-belliedWoodpecker
625092.mp3,Red-belliedWoodpecker
636507.mp3,Red-belliedWoodpecker
638325.mp3,Red-belliedWoodpecker
640360.mp3,Red-belliedWoodpecker
656297.mp3,Red-belliedWoodpecker
682549.mp3,Red-belliedWoodpecker
682566.mp3,Red-belliedWoodpecker
687174.mp3,Red-belliedWoodpecker
691788.mp3,Red-belliedWoodpecker
691789.mp3,Red-belliedWoodpecker
692437.mp3,Red-belliedWoodpecker
698876.mp3,Red-belliedWoodpecker
698879.mp3,Red-belliedWoodpecker
713254.mp3,Red-belliedWoodpecker
713255.mp3,Red-belliedWoodpecker
755629.mp3,Red-belliedWoodpecker
778660.mp3,Red-belliedWoodpecker
780787.mp3,Red-belliedWoodpecker
829402.mp3,Red-belliedWoodpecker
871896.mp3,Red-belliedWoodpecker
109040.mp3,Red-wingedBlackbird
109901.mp3,Red-wingedBlackbird
121584.mp3,Red-wingedBlackbird
125253.mp3,Red-wingedBlackbird
1281.mp3,Red-wingedBlackbird
1282.mp3,Red-wingedBlackbird
135672.mp3,Red-wingedBlackbird
135673.mp3,Red-wingedBlackbird
135705.mp3,Red-wingedBlackbird
137775.mp3,Red-wingedBlackbird
1390.mp3,Red-wingedBlackbird
141757.mp3,Red-wingedBlackbird
141762.mp3,Red-wingedBlackbird
142658.mp3,Red-wingedBlackbird
142721.mp3,Red-wingedBlackbird
152399.mp3,Red-wingedBlackbird
15266.mp3,Red-wingedBlackbird
15267.mp3,Red-wingedBlackbird
168631.mp3,Red-wingedBlackbird
168634.mp3,Red-wingedBlackbird
168637.mp3,Red-wingedBlackbird
168639.mp3,Red-wingedBlackbird
168794.mp3,Red-wingedBlackbird
169243.mp3,Red-wingedBlackbird
169244.mp3,Red-wingedBlackbird
169249.mp3,Red-wingedBlackbird
172491.mp3,Red-wingedBlackbird
172492.mp3,Red-wingedBlackbird
173883.mp3,Red-wingedBlackbird
177118.mp3,Red-wingedBlackbird
177298.mp3,Red-wingedBlackbird
177300.mp3,Red-wingedBlackbird
177303.mp3,Red-wingedBlackbird
177834.mp3,Red-wingedBlackbird
177988.mp3,Red-wingedBlackbird
178186.mp3,Red-wingedBlackbird
180205.mp3,Red-wingedBlackbird
187327.mp3,Red-wingedBlackbird
187328.mp3,Red-wingedBlackbird
192591.mp3,Red-wingedBlackbird
192705.mp3,Red-wingedBlackbird
192706.mp3,Red-wingedBlackbird
192708.mp3,Red-wingedBlackbird
196263.mp3,Red-wingedBlackbird
196268.mp3,Red-wingedBlackbird
205947.mp3,Red-wingedBlackbird
205949.mp3,Red-wingedBlackbird
246113.mp3,Red-wingedBlackbird
266301.mp3,Red-wingedBlackbird
284016.mp3,Red-wingedBlackbird
302823.mp3,Red-wingedBlackbird
313359.mp3,Red-wingedBlackbird
317203.mp3,Red-wingedBlackbird
318816.mp3,Red-wingedBlackbird
321249.mp3,Red-wingedBlackbird
325700.mp3,Red-wingedBlackbird
327808.mp3,Red-wingedBlackbird
357529.mp3,Red-wingedBlackbird
357664.mp3,Red-wingedBlackbird
357674.mp3,Red-wingedBlackbird
358702.mp3,Red-wingedBlackbird
361050.mp3,Red-wingedBlackbird
361654.mp3,Red-wingedBlackbird
362901.mp3,Red-wingedBlackbird
363100.mp3,Red-wingedBlackbird
363449.mp3,Red-wingedBlackbird
368448.mp3,Red-wingedBlackbird
368449.mp3,Red-wingedBlackbird
368450.mp3,Red-wingedBlackbird
368594.mp3,Red-wingedBlackbird
368607.mp3,Red-wingedBlackbird
375510.mp3,Red-wingedBlackbird
375511.mp3,Red-wingedBlackbird
376218.mp3,Red-wingedBlackbird
377142.mp3,Red-wingedBlackbird
377876.mp3,Red-wingedBlackbird
383950.mp3,Red-wingedBlackbird
391251.mp3,Red-wingedBlackbird
392872.mp3,Red-wingedBlackbird
405549.mp3,Red-wingedBlackbird
407824.mp3,Red-wingedBlackbird
408186.mp3,Red-wingedBlackbird
408980.mp3,Red-wingedBlackbird
408981.mp3,Red-wingedBlackbird
408982.mp3,Red-wingedBlackbird
411385.mp3,Red-wingedBlackbird
412974.mp3,Red-wingedBlackbird
413283.mp3,Red-wingedBlackbird
417845.mp3,Red-wingedBlackbird
417853.mp3,Red-wingedBlackbird
436852.mp3,Red-wingedBlackbird
445901.mp3,Red-wingedBlackbird
448823.mp3,Red-wingedBlackbird
453106.mp3,Red-wingedBlackbird
453108.mp3,Red-wingedBlackbird
457120.mp3,Red-wingedBlackbird
459174.mp3,Red-wingedBlackbird
461524.mp3,Red-wingedBlackbird
466057.mp3,Red-wingedBlackbird
466059.mp3,Red-wingedBlackbird
467103.mp3,Red-wingedBlackbird
468997.mp3,Red-wingedBlackbird
469000.mp3,Red-wingedBlackbird
470007.mp3,Red-wingedBlackbird
472218.mp3,Red-wingedBlackbird
477976.mp3,Red-wingedBlackbird
477979.mp3,Red-wingedBlackbird
479483.mp3,Red-wingedBlackbird
482263.mp3,Red-wingedBlackbird
482700.mp3,Red-wingedBlackbird
483625.mp3,Red-wingedBlackbird
483874.mp3,Red-wingedBlackbird
492077.mp3,Red-wingedBlackbird
493454.mp3,Red-wingedBlackbird
498956.mp3,Red-wingedBlackbird
503725.mp3,Red-wingedBlackbird
530870.mp3,Red-wingedBlackbird
531004.mp3,Red-wingedBlackbird
533614.mp3,Red-wingedBlackbird
548191.mp3,Red-wingedBlackbird
548216.mp3,Red-wingedBlackbird
548697.mp3,Red-wingedBlackbird
550995.mp3,Red-wingedBlackbird
550997.mp3,Red-wingedBlackbird
551071.mp3,Red-wingedBlackbird
561686.mp3,Red-wingedBlackbird
562736.mp3,Red-wingedBlackbird
562737.mp3,Red-wingedBlackbird
567729.mp3,Red-wingedBlackbird
570128.mp3,Red-wingedBlackbird
572264.mp3,Red-wingedBlackbird
574509.mp3,Red-wingedBlackbird
574889.mp3,Red-wingedBlackbird
57653.mp3,Red-wingedBlackbird
576838.mp3,Red-wingedBlackbird
579134.mp3,Red-wingedBlackbird
579928.mp3,Red-wingedBlackbird
602533.mp3,Red-wingedBlackbird
602535.mp3,Red-wingedBlackbird
602538.mp3,Red-wingedBlackbird
602542.mp3,Red-wingedBlackbird
611819.mp3,Red-wingedBlackbird
620551.mp3,Red-wingedBlackbird
629134.mp3,Red-wingedBlackbird
636475.mp3,Red-wingedBlackbird
636476.mp3,Red-wingedBlackbird
637360.mp3,Red-wingedBlackbird
637652.mp3,Red-wingedBlackbird
638309.mp3,Red-wingedBlackbird
638938.mp3,Red-wingedBlackbird
639853.mp3,Red-wingedBlackbird
646125.mp3,Red-wingedBlackbird
651824.mp3,Red-wingedBlackbird
654861.mp3,Red-wingedBlackbird
659260.mp3,Red-wingedBlackbird
691879.mp3,Red-wingedBlackbird
696733.mp3,Red-wingedBlackbird
703912.mp3,Red-wingedBlackbird
713844.mp3,Red-wingedBlackbird
713846.mp3,Red-wingedBlackbird
717544.mp3,Red-wingedBlackbird
717545.mp3,Red-wingedBlackbird
720290.mp3,Red-wingedBlackbird
723016.mp3,Red-wingedBlackbird
729037.mp3,Red-wingedBlackbird
729038.mp3,Red-wingedBlackbird
729039.mp3,Red-wingedBlackbird
739254.mp3,Red-wingedBlackbird
753806.mp3,Red-wingedBlackbird
75497.mp3,Red-wingedBlackbird
759001.mp3,Red-wingedBlackbird
764041.mp3,Red-wingedBlackbird
764920.mp3,Red-wingedBlackbird
76797.mp3,Red-wingedBlackbird
77525.mp3,Red-wingedBlackbird
77787.mp3,Red-wingedBlackbird
778506.mp3,Red-wingedBlackbird
781079.mp3,Red-wingedBlackbird
784360.mp3,Red-wingedBlackbird
792149.mp3,Red-wingedBlackbird
792151.mp3,Red-wingedBlackbird
792152.mp3,Red-wingedBlackbird
793407.mp3,Red-wingedBlackbird
80616.mp3,Red-wingedBlackbird
807222.mp3,Red-wingedBlackbird
812429.mp3,Red-wingedBlackbird
814748.mp3,Red-wingedBlackbird
814749.mp3,Red-wingedBlackbird
814751.mp3,Red-wingedBlackbird
814752.mp3,Red-wingedBlackbird
814755.mp3,Red-wingedBlackbird
82755.mp3,Red-wingedBlackbird
840367.mp3,Red-wingedBlackbird
860970.mp3,Red-wingedBlackbird
893204.mp3,Red-wingedBlackbird
897170.mp3,Red-wingedBlackbird
898047.mp3,Red-wingedBlackbird
898731.mp3,Red-wingedBlackbird
900779.mp3,Red-wingedBlackbird
900782.mp3,Red-wingedBlackbird
902490.mp3,Red-wingedBlackbird
904805.mp3,Red-wingedBlackbird
912026.mp3,Red-wingedBlackbird
102948.mp3,SongSparrow
103338.mp3,SongSparrow
103339.mp3,SongSparrow
103449.mp3,SongSparrow
105818.mp3,SongSparrow
111286.mp3,SongSparrow
111287.mp3,SongSparrow
111289.mp3,SongSparrow
111640.mp3,SongSparrow
111641.mp3,SongSparrow
111642.mp3,SongSparrow
111643.mp3,SongSparrow
111644.mp3,SongSparrow
111645.mp3,SongSparrow
111646.mp3,SongSparrow
111649.mp3,SongSparrow
111650.mp3,SongSparrow
111651.mp3,SongSparrow
111653.mp3,SongSparrow
111654.mp3,SongSparrow
111655.mp3,SongSparrow
111656.mp3,SongSparrow
111657.mp3,SongSparrow
111658.mp3,SongSparrow
111659.mp3,SongSparrow
111660.mp3,SongSparrow
111661.mp3,SongSparrow
111662.mp3,SongSparrow
111663.mp3,SongSparrow
111666.mp3,SongSparrow
111667.mp3,SongSparrow
111668.mp3,SongSparrow
111669.mp3,SongSparrow
111670.mp3,SongSparrow
111671.mp3,SongSparrow
121280.mp3,SongSparrow
121281.mp3,SongSparrow
121701.mp3,SongSparrow
125704.mp3,SongSparrow
125706.mp3,SongSparrow
125711.mp3,SongSparrow
125713.mp3,SongSparrow
125714.mp3,SongSparrow
125717.mp3,SongSparrow
125718.mp3,SongSparrow
125721.mp3,SongSparrow
125723.mp3,SongSparrow
128238.mp3,SongSparrow
128904.mp3,SongSparrow
129646.mp3,SongSparrow
131646.mp3,SongSparrow
131649.mp3,SongSparrow
132874.mp3,SongSparrow
133566.mp3,SongSparrow
133568.mp3,SongSparrow
134164.mp3,SongSparrow
134180.mp3,SongSparrow
142619.mp3,SongSparrow
142620.mp3,SongSparrow
142621.mp3,SongSparrow
143923.mp3,SongSparrow
144116.mp3,SongSparrow
149407.mp3,SongSparrow
149408.mp3,SongSparrow
149410.mp3,SongSparrow
149412.mp3,SongSparrow
149417.mp3,SongSparrow
149419.mp3,SongSparrow
149420.mp3,SongSparrow
153555.mp3,SongSparrow
155232.mp3,SongSparrow
155234.mp3,SongSparrow
155235.mp3,SongSparrow
155236.mp3,SongSparrow
155237.mp3,SongSparrow
163211.mp3,SongSparrow
172442.mp3,SongSparrow
175509.mp3,SongSparrow
178318.mp3,SongSparrow
179182.mp3,SongSparrow
181738.mp3,SongSparrow
182170.mp3,SongSparrow
183355.mp3,SongSparrow
18387.mp3,SongSparrow
18388.mp3,SongSparrow
185279.mp3,SongSparrow
185605.mp3,SongSparrow
188370.mp3,SongSparrow
189286.mp3,SongSparrow
190448.mp3,SongSparrow
190476.mp3,SongSparrow
190543.mp3,SongSparrow
193953.mp3,SongSparrow
195046.mp3,SongSparrow
205806.mp3,SongSparrow
205810.mp3,SongSparrow
225617.mp3,SongSparrow
225618.mp3,SongSparrow
225619.mp3,SongSparrow
235955.mp3,SongSparrow
246812.mp3,SongSparrow
253526.mp3,SongSparrow
269172.mp3,SongSparrow
282512.mp3,SongSparrow
282625.mp3,SongSparrow
283691.mp3,SongSparrow
286977.mp3,SongSparrow
287881.mp3,SongSparrow
288000.mp3,SongSparrow
288255.mp3,SongSparrow
289225.mp3,SongSparrow
290096.mp3,SongSparrow
290138.mp3,SongSparrow
290140.mp3,SongSparrow
293818.mp3,SongSparrow
297482.mp3,SongSparrow
301678.mp3,SongSparrow
301851.mp3,SongSparrow
306748.mp3,SongSparrow
307660.mp3,SongSparrow
309650.mp3,SongSparrow
311716.mp3,SongSparrow
312736.mp3,SongSparrow
320469.mp3,SongSparrow
322699.mp3,SongSparrow
325340.mp3,SongSparrow
325342.mp3,SongSparrow
325378.mp3,SongSparrow
327795.mp3,SongSparrow
336819.mp3,SongSparrow
349554.mp3,SongSparrow
349555.mp3,SongSparrow
358837.mp3,SongSparrow
35902.mp3,SongSparrow
35903.mp3,SongSparrow
35904.mp3,SongSparrow
35905.mp3,SongSparrow
362469.mp3,SongSparrow
362470.mp3,SongSparrow
363141.mp3,SongSparrow
363142.mp3,SongSparrow
36619.mp3,SongSparrow
366598.mp3,SongSparrow
366606.mp3,SongSparrow
366748.mp3,SongSparrow
368065.mp3,SongSparrow
368073.mp3,SongSparrow
374116.mp3,SongSparrow
375515.mp3,SongSparrow
375516.mp3,SongSparrow
375662.mp3,SongSparrow
376028.mp3,SongSparrow
379143.mp3,SongSparrow
381508.mp3,SongSparrow
381554.mp3,SongSparrow
381568.mp3,SongSparrow
381570.mp3,SongSparrow
381583.mp3,SongSparrow
383971.mp3,SongSparrow
384033.mp3,SongSparrow
385859.mp3,SongSparrow
386586.mp3,SongSparrow
388773.mp3,SongSparrow
393994.mp3,SongSparrow
393996.mp3,SongSparrow
406666.mp3,SongSparrow
407930.mp3,SongSparrow
408014.mp3,SongSparrow
408093.mp3,SongSparrow
408126.mp3,SongSparrow
408127.mp3,SongSparrow
408571.mp3,SongSparrow
408810.mp3,SongSparrow
408811.mp3,SongSparrow
413798.mp3,SongSparrow
413799.mp3,SongSparrow
417336.mp3,SongSparrow
418339.mp3,SongSparrow
420819.mp3,SongSparrow
421296.mp3,SongSparrow
423504.mp3,SongSparrow
425799.mp3,SongSparrow
426314.mp3,SongSparrow
429249.mp3,SongSparrow
429250.mp3,SongSparrow
429251.mp3,SongSparrow
433075.mp3,SongSparrow
43411.mp3,SongSparrow
434169.mp3,SongSparrow
445424.mp3,SongSparrow
445425.mp3,SongSparrow
461612.mp3,SongSparrow
462899.mp3,SongSparrow
465907.mp3,SongSparrow
466633.mp3,SongSparrow
467022.mp3,SongSparrow
469569.mp3,SongSparrow
469658.mp3,SongSparrow
469877.mp3,SongSparrow
473424.mp3,SongSparrow
473434.mp3,SongSparrow
477785.mp3,SongSparrow
480032.mp3,SongSparrow
480068.mp3,SongSparrow
480223.mp3,SongSparrow
480224.mp3,SongSparrow
481115.mp3,SongSparrow
482639.mp3,SongSparrow
483220.mp3,SongSparrow
483881.mp3,SongSparrow
483884.mp3,SongSparrow
483978.mp3,SongSparrow
490351.mp3,SongSparrow
490353.mp3,SongSparrow
493448.mp3,SongSparrow
497165.mp3,SongSparrow
497428.mp3,SongSparrow
500924.mp3,SongSparrow
507777.mp3,SongSparrow
52400.mp3,SongSparrow
539872.mp3,SongSparrow
542596.mp3,SongSparrow
545781.mp3,SongSparrow
545907.mp3,SongSparrow
545908.mp3,SongSparrow
549591.mp3,SongSparrow
549598.mp3,SongSparrow
551290.mp3,SongSparrow
554248.mp3,SongSparrow
556402.mp3,SongSparrow
556404.mp3,SongSparrow
556405.mp3,SongSparrow
557836.mp3,SongSparrow
558357.mp3,SongSparrow
559479.mp3,SongSparrow
559523.mp3,SongSparrow
561356.mp3,SongSparrow
562168.mp3,SongSparrow
565240.mp3,SongSparrow
565242.mp3,SongSparrow
565508.mp3,SongSparrow
565794.mp3,SongSparrow
572852.mp3,SongSparrow
572964.mp3,SongSparrow
574080.mp3,SongSparrow
575025.mp3,SongSparrow
575028.mp3,SongSparrow
575029.mp3,SongSparrow
575030.mp3,SongSparrow
575033.mp3,SongSparrow
575035.mp3,SongSparrow
575041.mp3,SongSparrow
575046.mp3,SongSparrow
576143.mp3,SongSparrow
582148.mp3,SongSparrow
582152.mp3,SongSparrow
582154.mp3,SongSparrow
582701.mp3,SongSparrow
582723.mp3,SongSparrow
583977.mp3,SongSparrow
583978.mp3,SongSparrow
585148.mp3,SongSparrow
585149.mp3,SongSparrow
591818.mp3,SongSparrow
591827.mp3,SongSparrow
59192.mp3,SongSparrow
596371.mp3,SongSparrow
599851.mp3,SongSparrow
599855.mp3,SongSparrow
599856.mp3,SongSparrow
60067.mp3,SongSparrow
602561.mp3,SongSparrow
602562.mp3,SongSparrow
602563.mp3,SongSparrow
602564.mp3,SongSparrow
602565.mp3,SongSparrow
606120.mp3,SongSparrow
608838.mp3,SongSparrow
611830.mp3,SongSparrow
613797.mp3,SongSparrow
619888.mp3,SongSparrow
620966.mp3,SongSparrow
625527.mp3,SongSparrow
627189.mp3,SongSparrow
62782.mp3,SongSparrow
629086.mp3,SongSparrow
634794.mp3,SongSparrow
636474.mp3,SongSparrow
637802.mp3,SongSparrow
638312.mp3,SongSparrow
638313.mp3,SongSparrow
638321.mp3,SongSparrow
638322.mp3,SongSparrow
639388.mp3,SongSparrow
639389.mp3,SongSparrow
642034.mp3,SongSparrow
642322.mp3,SongSparrow
642324.mp3,SongSparrow
642326.mp3,SongSparrow
644849.mp3,SongSparrow
645517.mp3,SongSparrow
648385.mp3,SongSparrow
648387.mp3,SongSparrow
648391.mp3,SongSparrow
649066.mp3,SongSparrow
651192.mp3,SongSparrow
651933.mp3,SongSparrow
660362.mp3,SongSparrow
660363.mp3,SongSparrow
660438.mp3,SongSparrow
663733.mp3,SongSparrow
663734.mp3,SongSparrow
663735.mp3,SongSparrow
663741.mp3,SongSparrow
663744.mp3,SongSparrow
663745.mp3,SongSparrow
663747.mp3,SongSparrow
663748.mp3,SongSparrow
663749.mp3,SongSparrow
663750.mp3,SongSparrow
663753.mp3,SongSparrow
663755.mp3,SongSparrow
663757.mp3,SongSparrow
663759.mp3,SongSparrow
663784.mp3,SongSparrow
663787.mp3,SongSparrow
663803.mp3,SongSparrow
663804.mp3,SongSparrow
664838.mp3,SongSparrow
678152.mp3,SongSparrow
678155.mp3,SongSparrow
679874.mp3,SongSparrow
689007.mp3,SongSparrow
692180.mp3,SongSparrow
692181.mp3,SongSparrow
692182.mp3,SongSparrow
692183.mp3,SongSparrow
694875.mp3,SongSparrow
695275.mp3,SongSparrow
695276.mp3,SongSparrow
697251.mp3,SongSparrow
697998.mp3,SongSparrow
702849.mp3,SongSparrow
708975.mp3,SongSparrow
710942.mp3,SongSparrow
714111.mp3,SongSparrow
71568.mp3,SongSparrow
71569.mp3,SongSparrow
720640.mp3,SongSparrow
728358.mp3,SongSparrow
728359.mp3,SongSparrow
728924.mp3,SongSparrow
734133.mp3,SongSparrow
73428.mp3,SongSparrow
753493.mp3,SongSparrow
753494.mp3,SongSparrow
756325.mp3,SongSparrow
76471.mp3,SongSparrow
776455.mp3,SongSparrow
776458.mp3,SongSparrow
778502.mp3,SongSparrow
78059.mp3,SongSparrow
78060.mp3,SongSparrow
784137.mp3,SongSparrow
79791.mp3,SongSparrow
803814.mp3,SongSparrow
805128.mp3,SongSparrow
806268.mp3,SongSparrow
807468.mp3,SongSparrow
808852.mp3,SongSparrow
812122.mp3,SongSparrow
820368.mp3,SongSparrow
820371.mp3,SongSparrow
826136.mp3,SongSparrow
826140.mp3,SongSparrow
826141.mp3,SongSparrow
83516.mp3,SongSparrow
83576.mp3,SongSparrow
836992.mp3,SongSparrow
842728.mp3,SongSparrow
878333.mp3,SongSparrow
900078.mp3,SongSparrow
900079.mp3,SongSparrow
900122.mp3,SongSparrow
900123.mp3,SongSparrow
92103.mp3,SongSparrow
98066.mp3,SongSparrow
101646.mp3,TuftedTitmouse
145938.mp3,TuftedTitmouse
145941.mp3,TuftedTitmouse
15184.mp3,TuftedTitmouse
15186.mp3,TuftedTitmouse
164758.mp3,TuftedTitmouse
167849.mp3,TuftedTitmouse
168057.mp3,TuftedTitmouse
16871.mp3,TuftedTitmouse
172590.mp3,TuftedTitmouse
174397.mp3,TuftedTitmouse
174892.mp3,TuftedTitmouse
18383.mp3,TuftedTitmouse
18385.mp3,TuftedTitmouse
196755.mp3,TuftedTitmouse
236017.mp3,TuftedTitmouse
290151.mp3,TuftedTitmouse
29510.mp3,TuftedTitmouse
29511.mp3,TuftedTitmouse
299474.mp3,TuftedTitmouse
305015.mp3,TuftedTitmouse
305136.mp3,TuftedTitmouse
306851.mp3,TuftedTitmouse
308401.mp3,TuftedTitmouse
309396.mp3,TuftedTitmouse
310835.mp3,TuftedTitmouse
311712.mp3,TuftedTitmouse
313159.mp3,TuftedTitmouse
316284.mp3,TuftedTitmouse
316285.mp3,TuftedTitmouse
318897.mp3,TuftedTitmouse
322769.mp3,TuftedTitmouse
333285.mp3,TuftedTitmouse
33585.mp3,TuftedTitmouse
33596.mp3,TuftedTitmouse
348110.mp3,TuftedTitmouse
350299.mp3,TuftedTitmouse
363065.mp3,TuftedTitmouse
370491.mp3,TuftedTitmouse
370944.mp3,TuftedTitmouse
375008.mp3,TuftedTitmouse
383483.mp3,TuftedTitmouse
383949.mp3,TuftedTitmouse
385824.mp3,TuftedTitmouse
385825.mp3,TuftedTitmouse
388598.mp3,TuftedTitmouse
395423.mp3,TuftedTitmouse
407931.mp3,TuftedTitmouse
422042.mp3,TuftedTitmouse
428278.mp3,TuftedTitmouse
446662.mp3,TuftedTitmouse
463360.mp3,TuftedTitmouse
465058.mp3,TuftedTitmouse
465256.mp3,TuftedTitmouse
469582.mp3,TuftedTitmouse
469655.mp3,TuftedTitmouse
479486.mp3,TuftedTitmouse
499563.mp3,TuftedTitmouse
501231.mp3,TuftedTitmouse
501232.mp3,TuftedTitmouse
522855.mp3,TuftedTitmouse
52352.mp3,TuftedTitmouse
52353.mp3,TuftedTitmouse
529792.mp3,TuftedTitmouse
544303.mp3,TuftedTitmouse
556166.mp3,TuftedTitmouse
562016.mp3,TuftedTitmouse
568906.mp3,TuftedTitmouse
569728.mp3,TuftedTitmouse
572375.mp3,TuftedTitmouse
572390.mp3,TuftedTitmouse
590611.mp3,TuftedTitmouse
591473.mp3,TuftedTitmouse
59158.mp3,TuftedTitmouse
600069.mp3,TuftedTitmouse
60068.mp3,TuftedTitmouse
623003.mp3,TuftedTitmouse
624947.mp3,TuftedTitmouse
626887.mp3,TuftedTitmouse
627685.mp3,TuftedTitmouse
628024.mp3,TuftedTitmouse
632162.mp3,TuftedTitmouse
645155.mp3,TuftedTitmouse
647601.mp3,TuftedTitmouse
649331.mp3,TuftedTitmouse
691529.mp3,TuftedTitmouse
692191.mp3,TuftedTitmouse
701551.mp3,TuftedTitmouse
703749.mp3,TuftedTitmouse
706242.mp3,TuftedTitmouse
712980.mp3,TuftedTitmouse
713258.mp3,TuftedTitmouse
713261.mp3,TuftedTitmouse
713584.mp3,TuftedTitmouse
781968.mp3,TuftedTitmouse
785277.mp3,TuftedTitmouse
793408.mp3,TuftedTitmouse
807495.mp3,TuftedTitmouse
814177.mp3,TuftedTitmouse
827240.mp3,TuftedTitmouse
827241.mp3,TuftedTitmouse
827248.mp3,TuftedTitmouse
827249.mp3,TuftedTitmouse
836575.mp3,TuftedTitmouse
839361.mp3,TuftedTitmouse
861595.mp3,TuftedTitmouse
864702.mp3,TuftedTitmouse
875276.mp3,TuftedTitmouse
879231.mp3,TuftedTitmouse
879232.mp3,TuftedTitmouse
879233.mp3,TuftedTitmouse
879234.mp3,TuftedTitmouse
879235.mp3,TuftedTitmouse
884288.mp3,TuftedTitmouse
895279.mp3,TuftedTitmouse
895984.mp3,TuftedTitmouse
899085.mp3,TuftedTitmouse
900409.mp3,TuftedTitmouse
97374.mp3,TuftedTitmouse
110384.mp3,White-breastedNuthatch
11635.mp3,White-breastedNuthatch
121070.mp3,White-breastedNuthatch
129083.mp3,White-breastedNuthatch
13350.mp3,White-breastedNuthatch
14860.mp3,White-breastedNuthatch
14861.mp3,White-breastedNuthatch
179728.mp3,White-breastedNuthatch
194506.mp3,White-breastedNuthatch
196688.mp3,White-breastedNuthatch
210488.mp3,White-breastedNuthatch
217070.mp3,White-breastedNuthatch
217071.mp3,White-breastedNuthatch
217072.mp3,White-breastedNuthatch
229768.mp3,White-breastedNuthatch
290146.mp3,White-breastedNuthatch
29503.mp3,White-breastedNuthatch
29504.mp3,White-breastedNuthatch
29505.mp3,White-breastedNuthatch
296306.mp3,White-breastedNuthatch
298753.mp3,White-breastedNuthatch
298757.mp3,White-breastedNuthatch
301364.mp3,White-breastedNuthatch
317862.mp3,White-breastedNuthatch
321970.mp3,White-breastedNuthatch
321973.mp3,White-breastedNuthatch
321977.mp3,White-breastedNuthatch
337044.mp3,White-breastedNuthatch
350758.mp3,White-breastedNuthatch
350759.mp3,White-breastedNuthatch
350765.mp3,White-breastedNuthatch
350766.mp3,White-breastedNuthatch
350770.mp3,White-breastedNuthatch
350771.mp3,White-breastedNuthatch
350797.mp3,White-breastedNuthatch
350807.mp3,White-breastedNuthatch
350812.mp3,White-breastedNuthatch
350816.mp3,White-breastedNuthatch
350818.mp3,White-breastedNuthatch
350822.mp3,White-breastedNuthatch
355010.mp3,White-breastedNuthatch
371064.mp3,White-breastedNuthatch
381798.mp3,White-breastedNuthatch
404314.mp3,White-breastedNuthatch
408318.mp3,White-breastedNuthatch
417999.mp3,White-breastedNuthatch
422903.mp3,White-breastedNuthatch
443270.mp3,White-breastedNuthatch
443271.mp3,White-breastedNuthatch
443282.mp3,White-breastedNuthatch
444075.mp3,White-breastedNuthatch
448735.mp3,White-breastedNuthatch
451202.mp3,White-breastedNuthatch
468235.mp3,White-breastedNuthatch
474852.mp3,White-breastedNuthatch
490201.mp3,White-breastedNuthatch
511631.mp3,White-breastedNuthatch
511637.mp3,White-breastedNuthatch
513352.mp3,White-breastedNuthatch
521583.mp3,White-breastedNuthatch
544060.mp3,White-breastedNuthatch
544575.mp3,White-breastedNuthatch
556595.mp3,White-breastedNuthatch
556596.mp3,White-breastedNuthatch
560678.mp3,White-breastedNuthatch
564810.mp3,White-breastedNuthatch
572227.mp3,White-breastedNuthatch
577346.mp3,White-breastedNuthatch
580359.mp3,White-breastedNuthatch
661324.mp3,White-breastedNuthatch
665811.mp3,White-breastedNuthatch
666555.mp3,White-breastedNuthatch
682009.mp3,White-breastedNuthatch
687221.mp3,White-breastedNuthatch
687224.mp3,White-breastedNuthatch
689277.mp3,White-breastedNuthatch
714979.mp3,White-breastedNuthatch
728659.mp3,White-breastedNuthatch
762303.mp3,White-breastedNuthatch
772607.mp3,White-breastedNuthatch
810120.mp3,White-breastedNuthatch
818912.mp3,White-breastedNuthatch
837636.mp3,White-breastedNuthatch
856820.mp3,White-breastedNuthatch
871628.mp3,White-breastedNuthatch
